id,treadmill,speed,terrain,trial,n_stride_intervals
H1002,SP,0p25,NaN,1,71
H1002,SP,0p25,NaN,2,76
H1002,SP,0p5,NaN,1,99
H1002,SP,0p5,NaN,2,97
H1002,SP,0p75,NaN,1,122
H1002,SP,0p75,NaN,2,124
H1002,SP,1p0,NaN,1,141
H1002,SP,1p0,NaN,2,145
H1002,TM,NaN,flat,1,132
H1002,TM,NaN,flat,2,132
H1002,TM,NaN,high,1,130
H1002,TM,NaN,high,2,130
H1002,TM,NaN,low,1,129
H1002,TM,NaN,low,2,131
H1002,TM,NaN,med,1,128
H1002,TM,NaN,med,2,129
H1004,SP,0p25,NaN,1,75
H1004,SP,0p25,NaN,2,72
H1004,SP,0p5,NaN,1,109
H1004,SP,0p5,NaN,2,107
H1004,SP,0p75,NaN,1,128
H1004,SP,0p75,NaN,2,129
H1004,SP,1p0,NaN,1,144
H1004,SP,1p0,NaN,2,147
H1004,TM,NaN,flat,1,139
H1004,TM,NaN,flat,2,139
H1004,TM,NaN,high,1,146
H1004,TM,NaN,high,2,136
H1004,TM,NaN,low,1,132
H1004,TM,NaN,low,2,133
H1004,TM,NaN,med,1,138
H1004,TM,NaN,med,2,137
H1007,SP,0p25,NaN,1,62
H1007,SP,0p25,NaN,2,68
H1007,SP,0p5,NaN,1,91
H1007,SP,0p5,NaN,2,95
H1007,SP,0p75,NaN,1,118
H1007,SP,0p75,NaN,2,119
H1007,SP,1p0,NaN,1,144
H1007,SP,1p0,NaN,2,144
H1007,TM,NaN,flat,1,136
H1007,TM,NaN,flat,2,136
H1007,TM,NaN,high,1,123
H1007,TM,NaN,high,2,129
H1007,TM,NaN,low,1,132
H1007,TM,NaN,low,2,128
H1007,TM,NaN,med,1,127
H1007,TM,NaN,med,2,129
H1009,SP,0p25,NaN,1,69
H1009,SP,0p25,NaN,2,71
H1009,SP,0p5,NaN,1,105
H1009,SP,0p5,NaN,2,105
H1009,SP,0p75,NaN,1,129
H1009,SP,0p75,NaN,2,132
H1009,SP,1p0,NaN,1,150
H1009,SP,1p0,NaN,2,148
H1009,TM,NaN,flat,1,124
H1009,TM,NaN,flat,2,126
H1009,TM,NaN,high,1,132
H1009,TM,NaN,high,2,130
H1009,TM,NaN,low,1,123
H1009,TM,NaN,low,2,123
H1009,TM,NaN,med,1,124
H1009,TM,NaN,med,2,125
H1010,SP,0p25,NaN,1,57
H1010,SP,0p25,NaN,2,57
H1010,SP,0p5,NaN,1,94
H1010,SP,0p5,NaN,2,96
H1010,SP,0p75,NaN,1,125
H1010,SP,0p75,NaN,2,134
H1010,SP,1p0,NaN,1,154
H1010,SP,1p0,NaN,2,153
H1010,TM,NaN,flat,1,138
H1010,TM,NaN,flat,2,141
H1010,TM,NaN,high,1,139
H1010,TM,NaN,high,2,139
H1010,TM,NaN,low,1,132
H1010,TM,NaN,low,2,132
H1010,TM,NaN,med,1,132
H1010,TM,NaN,med,2,130
H1011,SP,0p25,NaN,1,58
H1011,SP,0p25,NaN,2,60
H1011,SP,0p5,NaN,1,100
H1011,SP,0p5,NaN,2,93
H1011,SP,0p75,NaN,1,118
H1011,SP,0p75,NaN,2,119
H1011,SP,1p0,NaN,1,139
H1011,SP,1p0,NaN,2,139
H1011,TM,NaN,flat,1,154
H1011,TM,NaN,flat,2,153
H1011,TM,NaN,high,1,170
H1011,TM,NaN,high,2,172
H1011,TM,NaN,low,1,151
H1011,TM,NaN,low,2,152
H1011,TM,NaN,med,1,161
H1011,TM,NaN,med,2,154
H1012,SP,0p25,NaN,1,70
H1012,SP,0p25,NaN,2,72
H1012,SP,0p5,NaN,1,104
H1012,SP,0p5,NaN,2,101
H1012,SP,0p75,NaN,1,130
H1012,SP,0p75,NaN,2,125
H1012,SP,1p0,NaN,1,148
H1012,SP,1p0,NaN,2,144
H1012,TM,NaN,flat,1,118
H1012,TM,NaN,flat,2,118
H1012,TM,NaN,high,1,143
H1012,TM,NaN,high,2,138
H1012,TM,NaN,low,1,124
H1012,TM,NaN,low,2,121
H1012,TM,NaN,med,1,150
H1012,TM,NaN,med,2,129
H1013,SP,0p25,NaN,1,77
H1013,SP,0p25,NaN,2,56
H1013,SP,0p5,NaN,1,93
H1013,SP,0p5,NaN,2,97
H1013,SP,0p75,NaN,1,122
H1013,SP,0p75,NaN,2,121
H1013,SP,1p0,NaN,1,145
H1013,SP,1p0,NaN,2,144
H1013,TM,NaN,flat,1,137
H1013,TM,NaN,flat,2,135
H1013,TM,NaN,high,1,180
H1013,TM,NaN,high,2,148
H1013,TM,NaN,low,1,131
H1013,TM,NaN,low,2,138
H1013,TM,NaN,med,1,137
H1013,TM,NaN,med,2,144
H1017,SP,0p25,NaN,1,60
H1017,SP,0p25,NaN,2,62
H1017,SP,0p5,NaN,1,99
H1017,SP,0p5,NaN,2,97
H1017,SP,0p75,NaN,1,120
H1017,SP,0p75,NaN,2,122
H1017,SP,1p0,NaN,1,144
H1017,SP,1p0,NaN,2,144
H1017,TM,NaN,flat,1,117
H1017,TM,NaN,flat,2,119
H1017,TM,NaN,high,1,118
H1017,TM,NaN,high,2,120
H1017,TM,NaN,low,1,112
H1017,TM,NaN,low,2,112
H1017,TM,NaN,med,1,117
H1017,TM,NaN,med,2,116
H1018,SP,0p25,NaN,1,63
H1018,SP,0p25,NaN,2,63
H1018,SP,0p5,NaN,1,90
H1018,SP,0p5,NaN,2,90
H1018,SP,0p75,NaN,1,124
H1018,SP,0p75,NaN,2,126
H1018,SP,1p0,NaN,1,147
H1018,SP,1p0,NaN,2,147
H1018,TM,NaN,flat,1,124
H1018,TM,NaN,flat,2,126
H1018,TM,NaN,high,1,144
H1018,TM,NaN,high,2,146
H1018,TM,NaN,low,1,133
H1018,TM,NaN,low,2,133
H1018,TM,NaN,med,1,136
H1018,TM,NaN,med,2,141
H1019,SP,0p25,NaN,1,65
H1019,SP,0p25,NaN,2,65
H1019,SP,0p5,NaN,1,117
H1019,SP,0p5,NaN,2,113
H1019,SP,0p75,NaN,1,134
H1019,SP,0p75,NaN,2,134
H1019,SP,1p0,NaN,1,155
H1019,SP,1p0,NaN,2,153
H1019,TM,NaN,flat,1,107
H1019,TM,NaN,flat,2,108
H1019,TM,NaN,high,1,107
H1019,TM,NaN,high,2,109
H1019,TM,NaN,low,1,107
H1019,TM,NaN,low,2,109
H1019,TM,NaN,med,1,106
H1019,TM,NaN,med,2,107
H1020,SP,0p25,NaN,1,53
H1020,SP,0p25,NaN,2,55
H1020,SP,0p5,NaN,1,92
H1020,SP,0p5,NaN,2,87
H1020,SP,0p75,NaN,1,116
H1020,SP,0p75,NaN,2,116
H1020,SP,1p0,NaN,1,138
H1020,SP,1p0,NaN,2,141
H1020,TM,NaN,flat,1,119
H1020,TM,NaN,flat,2,119
H1020,TM,NaN,high,1,115
H1020,TM,NaN,high,2,116
H1020,TM,NaN,low,1,117
H1020,TM,NaN,low,2,116
H1020,TM,NaN,med,1,111
H1020,TM,NaN,med,2,113
H1022,SP,0p25,NaN,1,49
H1022,SP,0p25,NaN,2,46
H1022,SP,0p5,NaN,1,85
H1022,SP,0p5,NaN,2,87
H1022,SP,0p75,NaN,1,117
H1022,SP,0p75,NaN,2,116
H1022,SP,1p0,NaN,1,137
H1022,SP,1p0,NaN,2,138
H1022,TM,NaN,flat,1,102
H1022,TM,NaN,flat,2,102
H1022,TM,NaN,high,1,108
H1022,TM,NaN,high,2,102
H1022,TM,NaN,low,1,97
H1022,TM,NaN,low,2,99
H1022,TM,NaN,med,1,100
H1022,TM,NaN,med,2,100
H1024,SP,0p25,NaN,1,73
H1024,SP,0p25,NaN,2,75
H1024,SP,0p5,NaN,1,96
H1024,SP,0p5,NaN,2,99
H1024,SP,0p75,NaN,1,133
H1024,SP,0p75,NaN,2,125
H1024,SP,1p0,NaN,1,144
H1024,SP,1p0,NaN,2,142
H1024,TM,NaN,flat,1,114
H1024,TM,NaN,flat,2,115
H1024,TM,NaN,high,1,121
H1024,TM,NaN,high,2,120
H1024,TM,NaN,low,1,117
H1024,TM,NaN,low,2,116
H1024,TM,NaN,med,1,124
H1024,TM,NaN,med,2,119
H1025,SP,0p25,NaN,1,69
H1025,SP,0p25,NaN,2,70
H1025,SP,0p5,NaN,1,106
H1025,SP,0p5,NaN,2,108
H1025,SP,0p75,NaN,1,126
H1025,SP,0p75,NaN,2,128
H1025,SP,1p0,NaN,1,147
H1025,SP,1p0,NaN,2,148
H1025,TM,NaN,flat,1,120
H1025,TM,NaN,flat,2,120
H1025,TM,NaN,high,1,119
H1025,TM,NaN,high,2,116
H1025,TM,NaN,low,1,114
H1025,TM,NaN,low,2,112
H1025,TM,NaN,med,1,116
H1025,TM,NaN,med,2,115
H1026,SP,0p25,NaN,1,72
H1026,SP,0p25,NaN,2,72
H1026,SP,0p5,NaN,1,107
H1026,SP,0p5,NaN,2,109
H1026,SP,0p75,NaN,1,130
H1026,SP,0p75,NaN,2,133
H1026,SP,1p0,NaN,1,151
H1026,SP,1p0,NaN,2,150
H1026,TM,NaN,flat,1,147
H1026,TM,NaN,flat,2,148
H1026,TM,NaN,high,1,150
H1026,TM,NaN,high,2,152
H1026,TM,NaN,low,1,143
H1026,TM,NaN,low,2,147
H1026,TM,NaN,med,1,148
H1026,TM,NaN,med,2,147
H1027,SP,0p25,NaN,1,66
H1027,SP,0p25,NaN,2,57
H1027,SP,0p5,NaN,1,109
H1027,SP,0p5,NaN,2,116
H1027,SP,0p75,NaN,1,137
H1027,SP,0p75,NaN,2,136
H1027,SP,1p0,NaN,1,152
H1027,SP,1p0,NaN,2,151
H1027,TM,NaN,flat,1,148
H1027,TM,NaN,flat,2,149
H1027,TM,NaN,high,1,165
H1027,TM,NaN,high,2,161
H1027,TM,NaN,low,1,152
H1027,TM,NaN,low,2,153
H1027,TM,NaN,med,1,153
H1027,TM,NaN,med,2,156
H1029,SP,0p25,NaN,1,75
H1029,SP,0p25,NaN,2,79
H1029,SP,0p5,NaN,1,114
H1029,SP,0p5,NaN,2,114
H1029,SP,0p75,NaN,1,141
H1029,SP,0p75,NaN,2,141
H1029,SP,1p0,NaN,1,154
H1029,SP,1p0,NaN,2,155
H1029,TM,NaN,flat,1,114
H1029,TM,NaN,flat,2,114
H1029,TM,NaN,high,1,114
H1029,TM,NaN,high,2,113
H1029,TM,NaN,low,1,108
H1029,TM,NaN,low,2,109
H1029,TM,NaN,med,1,114
H1029,TM,NaN,med,2,114
H1030,SP,0p25,NaN,1,65
H1030,SP,0p25,NaN,2,62
H1030,SP,0p5,NaN,1,102
H1030,SP,0p5,NaN,2,98
H1030,SP,0p75,NaN,1,126
H1030,SP,0p75,NaN,2,124
H1030,SP,1p0,NaN,1,134
H1030,SP,1p0,NaN,2,140
H1030,TM,NaN,flat,1,118
H1030,TM,NaN,flat,2,118
H1030,TM,NaN,high,1,121
H1030,TM,NaN,high,2,117
H1030,TM,NaN,low,1,116
H1030,TM,NaN,low,2,109
H1030,TM,NaN,med,1,109
H1030,TM,NaN,med,2,109
H1031,SP,0p25,NaN,1,66
H1031,SP,0p25,NaN,2,63
H1031,SP,0p5,NaN,1,92
H1031,SP,0p5,NaN,2,95
H1031,SP,0p75,NaN,1,113
H1031,SP,0p75,NaN,2,118
H1031,SP,1p0,NaN,1,132
H1031,SP,1p0,NaN,2,132
H1031,TM,NaN,flat,1,95
H1031,TM,NaN,flat,2,101
H1031,TM,NaN,high,1,97
H1031,TM,NaN,high,2,98
H1031,TM,NaN,low,1,93
H1031,TM,NaN,low,2,101
H1031,TM,NaN,med,1,106
H1031,TM,NaN,med,2,103
H1032,SP,0p25,NaN,1,61
H1032,SP,0p25,NaN,2,55
H1032,SP,0p5,NaN,1,92
H1032,SP,0p5,NaN,2,95
H1032,SP,0p75,NaN,1,116
H1032,SP,0p75,NaN,2,118
H1032,SP,1p0,NaN,1,136
H1032,SP,1p0,NaN,2,125
H1032,TM,NaN,flat,1,110
H1032,TM,NaN,flat,2,107
H1032,TM,NaN,high,1,112
H1032,TM,NaN,high,2,110
H1032,TM,NaN,low,1,105
H1032,TM,NaN,low,2,105
H1032,TM,NaN,med,1,104
H1032,TM,NaN,med,2,107
H1033,SP,0p25,NaN,1,53
H1033,SP,0p25,NaN,2,55
H1033,SP,0p5,NaN,1,92
H1033,SP,0p5,NaN,2,90
H1033,SP,0p75,NaN,1,117
H1033,SP,0p75,NaN,2,118
H1033,SP,1p0,NaN,1,148
H1033,SP,1p0,NaN,2,148
H1033,TM,NaN,flat,1,98
H1033,TM,NaN,flat,2,87
H1033,TM,NaN,high,1,93
H1033,TM,NaN,high,2,96
H1033,TM,NaN,low,1,88
H1033,TM,NaN,low,2,95
H1033,TM,NaN,med,1,99
H1033,TM,NaN,med,2,96
H1034,SP,0p25,NaN,1,51
H1034,SP,0p25,NaN,2,59
H1034,SP,0p5,NaN,1,89
H1034,SP,0p5,NaN,2,89
H1034,SP,0p75,NaN,1,114
H1034,SP,0p75,NaN,2,111
H1034,SP,1p0,NaN,1,118
H1034,SP,1p0,NaN,2,128
H1034,TM,NaN,flat,1,75
H1034,TM,NaN,flat,2,68
H1034,TM,NaN,high,1,78
H1034,TM,NaN,high,2,79
H1034,TM,NaN,low,1,75
H1034,TM,NaN,low,2,73
H1034,TM,NaN,med,1,72
H1034,TM,NaN,med,2,74
H1035,SP,0p25,NaN,1,70
H1035,SP,0p25,NaN,2,63
H1035,SP,0p5,NaN,1,110
H1035,SP,0p5,NaN,2,110
H1035,SP,0p75,NaN,1,131
H1035,SP,0p75,NaN,2,133
H1035,SP,1p0,NaN,1,145
H1035,SP,1p0,NaN,2,137
H1035,TM,NaN,flat,1,118
H1035,TM,NaN,flat,2,125
H1035,TM,NaN,high,1,134
H1035,TM,NaN,high,2,138
H1035,TM,NaN,low,1,135
H1035,TM,NaN,low,2,132
H1035,TM,NaN,med,1,133
H1035,TM,NaN,med,2,133
H1036,SP,0p25,NaN,1,60
H1036,SP,0p25,NaN,2,57
H1036,SP,0p5,NaN,1,99
H1036,SP,0p5,NaN,2,101
H1036,SP,0p75,NaN,1,125
H1036,SP,0p75,NaN,2,125
H1036,SP,1p0,NaN,1,146
H1036,SP,1p0,NaN,2,145
H1036,TM,NaN,flat,1,119
H1036,TM,NaN,flat,2,122
H1036,TM,NaN,high,1,122
H1036,TM,NaN,high,2,114
H1036,TM,NaN,low,1,116
H1036,TM,NaN,low,2,117
H1036,TM,NaN,med,1,116
H1036,TM,NaN,med,2,119
H1037,SP,0p25,NaN,1,51
H1037,SP,0p25,NaN,2,56
H1037,SP,0p5,NaN,1,91
H1037,SP,0p5,NaN,2,89
H1037,SP,0p75,NaN,1,113
H1037,SP,0p75,NaN,2,114
H1037,SP,1p0,NaN,1,134
H1037,SP,1p0,NaN,2,132
H1037,TM,NaN,flat,1,116
H1037,TM,NaN,flat,2,119
H1037,TM,NaN,high,1,131
H1037,TM,NaN,high,2,128
H1037,TM,NaN,low,1,120
H1037,TM,NaN,low,2,121
H1037,TM,NaN,med,1,123
H1037,TM,NaN,med,2,123
H1038,SP,0p25,NaN,1,53
H1038,SP,0p25,NaN,2,53
H1038,SP,0p5,NaN,1,86
H1038,SP,0p5,NaN,2,89
H1038,SP,0p75,NaN,1,121
H1038,SP,0p75,NaN,2,122
H1038,SP,1p0,NaN,1,138
H1038,SP,1p0,NaN,2,139
H1038,TM,NaN,flat,1,92
H1038,TM,NaN,flat,2,95
H1038,TM,NaN,high,1,87
H1038,TM,NaN,high,2,90
H1038,TM,NaN,low,1,93
H1038,TM,NaN,low,2,93
H1038,TM,NaN,med,1,65
H1038,TM,NaN,med,2,121
H1039,SP,0p25,NaN,1,71
H1039,SP,0p25,NaN,2,70
H1039,SP,0p5,NaN,1,101
H1039,SP,0p5,NaN,2,101
H1039,SP,0p75,NaN,1,130
H1039,SP,0p75,NaN,2,128
H1039,SP,1p0,NaN,1,152
H1039,SP,1p0,NaN,2,151
H1039,TM,NaN,flat,1,119
H1039,TM,NaN,flat,2,119
H1039,TM,NaN,high,1,125
H1039,TM,NaN,high,2,126
H1039,TM,NaN,low,1,119
H1039,TM,NaN,low,2,117
H1039,TM,NaN,med,1,125
H1039,TM,NaN,med,2,126
H1041,SP,0p25,NaN,1,63
H1041,SP,0p25,NaN,2,65
H1041,SP,0p5,NaN,1,97
H1041,SP,0p5,NaN,2,99
H1041,SP,0p75,NaN,1,123
H1041,SP,0p75,NaN,2,123
H1041,SP,1p0,NaN,1,141
H1041,SP,1p0,NaN,2,141
H1041,TM,NaN,flat,1,114
H1041,TM,NaN,flat,2,110
H1041,TM,NaN,high,1,103
H1041,TM,NaN,high,2,104
H1041,TM,NaN,low,1,87
H1041,TM,NaN,low,2,121
H1041,TM,NaN,med,1,109
H1041,TM,NaN,med,2,106
H1042,SP,0p25,NaN,1,79
H1042,SP,0p25,NaN,2,82
H1042,SP,0p5,NaN,1,117
H1042,SP,0p5,NaN,2,116
H1042,SP,0p75,NaN,1,129
H1042,SP,0p75,NaN,2,131
H1042,SP,1p0,NaN,1,144
H1042,SP,1p0,NaN,2,142
H1042,TM,NaN,flat,1,132
H1042,TM,NaN,flat,2,131
H1042,TM,NaN,high,1,129
H1042,TM,NaN,high,2,132
H1042,TM,NaN,low,1,133
H1042,TM,NaN,low,2,133
H1042,TM,NaN,med,1,127
H1042,TM,NaN,med,2,125
H1044,SP,0p25,NaN,1,64
H1044,SP,0p25,NaN,2,64
H1044,SP,0p5,NaN,1,100
H1044,SP,0p5,NaN,2,98
H1044,SP,0p75,NaN,1,121
H1044,SP,0p75,NaN,2,121
H1044,SP,1p0,NaN,1,139
H1044,SP,1p0,NaN,2,140
H1044,TM,NaN,flat,1,116
H1044,TM,NaN,flat,2,117
H1044,TM,NaN,high,1,118
H1044,TM,NaN,high,2,114
H1044,TM,NaN,low,1,118
H1044,TM,NaN,low,2,115
H1044,TM,NaN,med,1,114
H1044,TM,NaN,med,2,112
H1045,SP,0p25,NaN,1,67
H1045,SP,0p25,NaN,2,61
H1045,SP,0p5,NaN,1,101
H1045,SP,0p5,NaN,2,104
H1045,SP,0p75,NaN,1,135
H1045,SP,0p75,NaN,2,133
H1045,SP,1p0,NaN,1,157
H1045,SP,1p0,NaN,2,157
H1045,TM,NaN,flat,1,121
H1045,TM,NaN,flat,2,120
H1045,TM,NaN,high,1,119
H1045,TM,NaN,high,2,118
H1045,TM,NaN,low,1,121
H1045,TM,NaN,low,2,120
H1045,TM,NaN,med,1,122
H1045,TM,NaN,med,2,116
H1046,SP,0p25,NaN,1,64
H1046,SP,0p25,NaN,2,67
H1046,SP,0p5,NaN,1,107
H1046,SP,0p5,NaN,2,109
H1046,SP,0p75,NaN,1,129
H1046,SP,0p75,NaN,2,128
H1046,SP,1p0,NaN,1,142
H1046,SP,1p0,NaN,2,140
H1046,TM,NaN,flat,1,130
H1046,TM,NaN,flat,2,129
H1046,TM,NaN,high,1,132
H1046,TM,NaN,high,2,138
H1046,TM,NaN,low,1,128
H1046,TM,NaN,low,2,129
H1046,TM,NaN,med,1,130
H1046,TM,NaN,med,2,133
H1047,SP,0p25,NaN,1,41
H1047,SP,0p25,NaN,2,40
H1047,SP,0p5,NaN,1,94
H1047,SP,0p5,NaN,2,94
H1047,SP,0p75,NaN,1,120
H1047,SP,0p75,NaN,2,120
H1047,SP,1p0,NaN,1,146
H1047,SP,1p0,NaN,2,148
H1047,TM,NaN,flat,1,125
H1047,TM,NaN,flat,2,127
H1047,TM,NaN,high,1,128
H1047,TM,NaN,high,2,129
H1047,TM,NaN,low,1,124
H1047,TM,NaN,low,2,124
H1047,TM,NaN,med,1,125
H1047,TM,NaN,med,2,123
H1048,SP,0p25,NaN,1,57
H1048,SP,0p25,NaN,2,46
H1048,SP,0p5,NaN,1,91
H1048,SP,0p5,NaN,2,95
H1048,SP,0p75,NaN,1,124
H1048,SP,0p75,NaN,2,123
H1048,SP,1p0,NaN,1,138
H1048,SP,1p0,NaN,2,137
H1048,TM,NaN,flat,1,121
H1048,TM,NaN,flat,2,124
H1048,TM,NaN,high,1,76
H1048,TM,NaN,high,2,107
H1048,TM,NaN,low,1,111
H1048,TM,NaN,low,2,113
H1048,TM,NaN,med,1,114
H1048,TM,NaN,med,2,114
H2002,SP,0p25,NaN,1,70
H2002,SP,0p25,NaN,2,65
H2002,SP,0p5,NaN,1,131
H2002,SP,0p5,NaN,2,109
H2002,SP,0p75,NaN,1,140
H2002,SP,0p75,NaN,2,134
H2002,SP,1p0,NaN,1,150
H2002,SP,1p0,NaN,2,149
H2002,TM,NaN,flat,1,140
H2002,TM,NaN,flat,2,134
H2002,TM,NaN,high,1,130
H2002,TM,NaN,high,2,131
H2002,TM,NaN,low,1,134
H2002,TM,NaN,low,2,129
H2002,TM,NaN,med,1,126
H2002,TM,NaN,med,2,129
H2007,SP,0p25,NaN,1,97
H2007,SP,0p25,NaN,2,98
H2007,SP,0p5,NaN,1,122
H2007,SP,0p5,NaN,2,118
H2007,SP,0p75,NaN,1,132
H2007,SP,0p75,NaN,2,129
H2007,SP,1p0,NaN,1,140
H2007,SP,1p0,NaN,2,142
H2007,TM,NaN,flat,1,131
H2007,TM,NaN,flat,2,131
H2007,TM,NaN,high,1,144
H2007,TM,NaN,high,2,144
H2007,TM,NaN,low,1,133
H2007,TM,NaN,low,2,137
H2007,TM,NaN,med,1,141
H2007,TM,NaN,med,2,140
H2008,SP,0p25,NaN,1,103
H2008,SP,0p25,NaN,2,93
H2008,SP,0p5,NaN,1,140
H2008,SP,0p5,NaN,2,128
H2008,SP,0p75,NaN,1,180
H2008,SP,0p75,NaN,2,161
H2008,SP,1p0,NaN,1,166
H2008,SP,1p0,NaN,2,161
H2008,TM,NaN,flat,1,119
H2008,TM,NaN,flat,2,102
H2008,TM,NaN,high,1,210
H2008,TM,NaN,high,2,209
H2008,TM,NaN,low,1,116
H2008,TM,NaN,low,2,122
H2008,TM,NaN,med,1,185
H2008,TM,NaN,med,2,166
H2010,SP,0p25,NaN,1,80
H2010,SP,0p25,NaN,2,75
H2010,SP,0p5,NaN,1,105
H2010,SP,0p5,NaN,2,105
H2010,SP,0p75,NaN,1,134
H2010,SP,0p75,NaN,2,130
H2010,SP,1p0,NaN,1,160
H2010,SP,1p0,NaN,2,155
H2010,TM,NaN,flat,1,133
H2010,TM,NaN,flat,2,124
H2010,TM,NaN,high,1,146
H2010,TM,NaN,high,2,145
H2010,TM,NaN,low,1,131
H2010,TM,NaN,low,2,133
H2010,TM,NaN,med,1,139
H2010,TM,NaN,med,2,139
H2012_FU,SP,0p25,NaN,1,80
H2012_FU,SP,0p25,NaN,2,81
H2012_FU,SP,0p5,NaN,1,110
H2012_FU,SP,0p5,NaN,2,111
H2012_FU,SP,0p75,NaN,1,134
H2012_FU,SP,0p75,NaN,2,131
H2012_FU,SP,1p0,NaN,1,157
H2012_FU,SP,1p0,NaN,2,156
H2012_FU,TM,NaN,flat,1,159
H2012_FU,TM,NaN,flat,2,155
H2012_FU,TM,NaN,high,1,166
H2012_FU,TM,NaN,high,2,170
H2012_FU,TM,NaN,low,1,168
H2012_FU,TM,NaN,low,2,169
H2012_FU,TM,NaN,med,1,172
H2012_FU,TM,NaN,med,2,173
H2013,SP,0p25,NaN,1,109
H2013,SP,0p25,NaN,2,106
H2013,SP,0p5,NaN,1,128
H2013,SP,0p5,NaN,2,128
H2013,SP,0p75,NaN,1,144
H2013,SP,0p75,NaN,2,143
H2013,SP,1p0,NaN,1,163
H2013,SP,1p0,NaN,2,158
H2013,TM,NaN,flat,1,140
H2013,TM,NaN,flat,2,142
H2013,TM,NaN,high,1,155
H2013,TM,NaN,high,2,155
H2013,TM,NaN,low,1,146
H2013,TM,NaN,low,2,149
H2013,TM,NaN,med,1,152
H2013,TM,NaN,med,2,149
H2013_FU,SP,0p25,NaN,1,119
H2013_FU,SP,0p25,NaN,2,118
H2013_FU,SP,0p5,NaN,1,147
H2013_FU,SP,0p5,NaN,2,150
H2013_FU,SP,0p75,NaN,1,128
H2013_FU,SP,0p75,NaN,2,128
H2013_FU,TM,NaN,flat,1,137
H2013_FU,TM,NaN,flat,2,135
H2013_FU,TM,NaN,high,1,111
H2013_FU,TM,NaN,high,2,85
H2013_FU,TM,NaN,low,1,124
H2013_FU,TM,NaN,low,2,132
H2013_FU,TM,NaN,med,1,129
H2013_FU,TM,NaN,med,2,123
H2015,SP,0p25,NaN,1,87
H2015,SP,0p25,NaN,2,88
H2015,SP,0p5,NaN,1,121
H2015,SP,0p5,NaN,2,118
H2015,SP,0p75,NaN,1,156
H2015,SP,0p75,NaN,2,149
H2015,SP,1p0,NaN,1,154
H2015,SP,1p0,NaN,2,149
H2015,TM,NaN,flat,1,105
H2015,TM,NaN,flat,2,110
H2015,TM,NaN,high,1,157
H2015,TM,NaN,high,2,158
H2015,TM,NaN,low,1,146
H2015,TM,NaN,low,2,126
H2015,TM,NaN,med,1,127
H2015,TM,NaN,med,2,131
H2017,SP,0p25,NaN,1,80
H2017,SP,0p25,NaN,2,79
H2017,SP,0p5,NaN,1,117
H2017,SP,0p5,NaN,2,113
H2017,SP,0p75,NaN,1,140
H2017,SP,0p75,NaN,2,143
H2017,SP,1p0,NaN,1,166
H2017,SP,1p0,NaN,2,162
H2017,TM,NaN,flat,1,126
H2017,TM,NaN,flat,2,132
H2017,TM,NaN,high,1,164
H2017,TM,NaN,high,2,166
H2017,TM,NaN,low,1,140
H2017,TM,NaN,low,2,141
H2017,TM,NaN,med,1,144
H2017,TM,NaN,med,2,143
H2018_FU,SP,0p25,NaN,1,83
H2018_FU,SP,0p25,NaN,2,84
H2018_FU,SP,0p5,NaN,1,132
H2018_FU,SP,0p5,NaN,2,137
H2018_FU,SP,0p75,NaN,1,141
H2018_FU,SP,0p75,NaN,2,142
H2018_FU,SP,1p0,NaN,1,159
H2018_FU,SP,1p0,NaN,2,157
H2018_FU,TM,NaN,flat,1,138
H2018_FU,TM,NaN,flat,2,133
H2018_FU,TM,NaN,high,1,180
H2018_FU,TM,NaN,high,2,182
H2018_FU,TM,NaN,low,1,169
H2018_FU,TM,NaN,low,2,170
H2018_FU,TM,NaN,med,1,188
H2018_FU,TM,NaN,med,2,188
H2020,SP,0p25,NaN,1,69
H2020,SP,0p25,NaN,2,66
H2020,SP,0p5,NaN,1,95
H2020,SP,0p5,NaN,2,96
H2020,SP,0p75,NaN,1,126
H2020,SP,0p75,NaN,2,121
H2020,SP,1p0,NaN,1,137
H2020,SP,1p0,NaN,2,136
H2020,TM,NaN,flat,1,126
H2020,TM,NaN,flat,2,121
H2020,TM,NaN,high,1,143
H2020,TM,NaN,high,2,137
H2020,TM,NaN,low,1,129
H2020,TM,NaN,low,2,129
H2020,TM,NaN,med,1,132
H2020,TM,NaN,med,2,138
H2020_FU,SP,0p25,NaN,1,69
H2020_FU,SP,0p25,NaN,2,71
H2020_FU,SP,0p5,NaN,1,101
H2020_FU,SP,0p5,NaN,2,101
H2020_FU,SP,0p75,NaN,1,125
H2020_FU,SP,0p75,NaN,2,124
H2020_FU,SP,1p0,NaN,1,140
H2020_FU,SP,1p0,NaN,2,138
H2020_FU,TM,NaN,flat,1,125
H2020_FU,TM,NaN,flat,2,124
H2020_FU,TM,NaN,high,1,160
H2020_FU,TM,NaN,high,2,155
H2020_FU,TM,NaN,low,1,135
H2020_FU,TM,NaN,low,2,135
H2020_FU,TM,NaN,med,1,139
H2020_FU,TM,NaN,med,2,134
H2021,SP,0p25,NaN,1,105
H2021,SP,0p25,NaN,2,106
H2021,SP,0p5,NaN,1,112
H2021,SP,0p5,NaN,2,114
H2021,SP,0p75,NaN,1,142
H2021,SP,0p75,NaN,2,137
H2021,SP,1p0,NaN,1,183
H2021,SP,1p0,NaN,2,158
H2021,TM,NaN,flat,1,106
H2021,TM,NaN,flat,2,104
H2021,TM,NaN,high,1,152
H2021,TM,NaN,high,2,159
H2021,TM,NaN,low,1,142
H2021,TM,NaN,low,2,147
H2021,TM,NaN,med,1,151
H2021,TM,NaN,med,2,152
H2021_FU,SP,0p25,NaN,1,86
H2021_FU,SP,0p25,NaN,2,85
H2021_FU,SP,0p5,NaN,1,113
H2021_FU,SP,0p5,NaN,2,111
H2021_FU,SP,0p75,NaN,1,129
H2021_FU,SP,0p75,NaN,2,135
H2021_FU,SP,1p0,NaN,1,158
H2021_FU,SP,1p0,NaN,2,155
H2021_FU,TM,NaN,flat,1,99
H2021_FU,TM,NaN,flat,2,102
H2021_FU,TM,NaN,high,1,125
H2021_FU,TM,NaN,high,2,134
H2021_FU,TM,NaN,low,1,126
H2021_FU,TM,NaN,low,2,106
H2021_FU,TM,NaN,med,1,122
H2021_FU,TM,NaN,med,2,127
H2022,SP,0p25,NaN,1,68
H2022,SP,0p25,NaN,2,65
H2022,SP,0p5,NaN,1,105
H2022,SP,0p5,NaN,2,107
H2022,SP,0p75,NaN,1,125
H2022,SP,0p75,NaN,2,125
H2022,SP,1p0,NaN,1,171
H2022,SP,1p0,NaN,2,151
H2022,TM,NaN,flat,1,125
H2022,TM,NaN,flat,2,125
H2022,TM,NaN,high,1,170
H2022,TM,NaN,high,2,171
H2022,TM,NaN,low,1,156
H2022,TM,NaN,low,2,160
H2022,TM,NaN,med,1,164
H2022,TM,NaN,med,2,167
H2023,SP,0p25,NaN,1,89
H2023,SP,0p25,NaN,2,98
H2023,SP,0p5,NaN,1,135
H2023,SP,0p5,NaN,2,107
H2023,SP,0p75,NaN,1,131
H2023,SP,0p75,NaN,2,127
H2023,SP,1p0,NaN,1,150
H2023,SP,1p0,NaN,2,146
H2023,TM,NaN,flat,1,131
H2023,TM,NaN,flat,2,123
H2023,TM,NaN,high,1,159
H2023,TM,NaN,high,2,151
H2023,TM,NaN,low,1,134
H2023,TM,NaN,low,2,131
H2023,TM,NaN,med,1,140
H2023,TM,NaN,med,2,140
H2025,SP,0p25,NaN,1,89
H2025,SP,0p25,NaN,2,88
H2025,SP,0p5,NaN,1,144
H2025,SP,0p5,NaN,2,142
H2025,SP,0p75,NaN,1,138
H2025,SP,0p75,NaN,2,137
H2025,SP,1p0,NaN,1,152
H2025,SP,1p0,NaN,2,150
H2025,TM,NaN,flat,1,105
H2025,TM,NaN,flat,2,101
H2025,TM,NaN,high,1,146
H2025,TM,NaN,high,2,130
H2025,TM,NaN,low,1,128
H2025,TM,NaN,low,2,122
H2025,TM,NaN,med,1,133
H2025,TM,NaN,med,2,143
H2025_FU,SP,0p25,NaN,1,74
H2025_FU,SP,0p5,NaN,1,147
H2025_FU,SP,0p5,NaN,2,146
H2025_FU,SP,0p75,NaN,1,99
H2025_FU,SP,0p75,NaN,2,100
H2025_FU,SP,1p0,NaN,1,112
H2025_FU,TM,NaN,flat,1,156
H2025_FU,TM,NaN,flat,2,153
H2025_FU,TM,NaN,high,1,172
H2025_FU,TM,NaN,high,2,182
H2025_FU,TM,NaN,low,1,177
H2025_FU,TM,NaN,low,2,178
H2025_FU,TM,NaN,med,1,182
H2025_FU,TM,NaN,med,2,182
H2026,SP,0p25,NaN,1,74
H2026,SP,0p25,NaN,2,70
H2026,SP,0p5,NaN,1,110
H2026,SP,0p5,NaN,2,111
H2026,SP,0p75,NaN,1,138
H2026,SP,0p75,NaN,2,142
H2026,SP,1p0,NaN,1,155
H2026,SP,1p0,NaN,2,150
H2026,TM,NaN,flat,1,110
H2026,TM,NaN,flat,2,111
H2026,TM,NaN,high,1,175
H2026,TM,NaN,high,2,183
H2026,TM,NaN,low,1,128
H2026,TM,NaN,low,2,129
H2026,TM,NaN,med,1,150
H2026,TM,NaN,med,2,145
H2027,SP,0p25,NaN,1,84
H2027,SP,0p25,NaN,2,85
H2027,SP,0p5,NaN,1,118
H2027,SP,0p5,NaN,2,116
H2027,SP,0p75,NaN,1,134
H2027,SP,0p75,NaN,2,134
H2027,SP,1p0,NaN,1,150
H2027,SP,1p0,NaN,2,149
H2027,TM,NaN,flat,1,143
H2027,TM,NaN,flat,2,142
H2027,TM,NaN,high,1,219
H2027,TM,NaN,high,2,227
H2027,TM,NaN,low,1,155
H2027,TM,NaN,low,2,175
H2027,TM,NaN,med,1,223
H2027,TM,NaN,med,2,226
H2027_FU,SP,0p25,NaN,1,89
H2027_FU,SP,0p25,NaN,2,85
H2027_FU,SP,0p5,NaN,1,209
H2027_FU,SP,0p5,NaN,2,129
H2027_FU,SP,0p75,NaN,1,147
H2027_FU,SP,0p75,NaN,2,139
H2027_FU,SP,1p0,NaN,1,158
H2027_FU,SP,1p0,NaN,2,154
H2027_FU,TM,NaN,flat,1,150
H2027_FU,TM,NaN,flat,2,149
H2027_FU,TM,NaN,high,1,151
H2027_FU,TM,NaN,high,2,148
H2027_FU,TM,NaN,low,1,30
H2027_FU,TM,NaN,low,2,209
H2027_FU,TM,NaN,med,1,193
H2027_FU,TM,NaN,med,2,197
H2033,SP,0p25,NaN,1,72
H2033,SP,0p25,NaN,2,76
H2033,SP,0p5,NaN,1,107
H2033,SP,0p5,NaN,2,109
H2033,SP,0p75,NaN,1,138
H2033,SP,0p75,NaN,2,139
H2033,SP,1p0,NaN,1,155
H2033,SP,1p0,NaN,2,149
H2033,TM,NaN,flat,1,121
H2033,TM,NaN,flat,2,119
H2033,TM,NaN,high,1,118
H2033,TM,NaN,high,2,120
H2033,TM,NaN,low,1,121
H2033,TM,NaN,low,2,124
H2033,TM,NaN,med,1,122
H2033,TM,NaN,med,2,116
H2033_FU,SP,0p25,NaN,1,71
H2033_FU,SP,0p25,NaN,2,73
H2033_FU,SP,0p5,NaN,1,119
H2033_FU,SP,0p5,NaN,2,122
H2033_FU,SP,0p75,NaN,1,139
H2033_FU,SP,0p75,NaN,2,141
H2033_FU,SP,1p0,NaN,1,154
H2033_FU,SP,1p0,NaN,2,153
H2033_FU,TM,NaN,flat,1,149
H2033_FU,TM,NaN,flat,2,124
H2033_FU,TM,NaN,high,1,143
H2033_FU,TM,NaN,high,2,127
H2033_FU,TM,NaN,low,1,85
H2033_FU,TM,NaN,low,2,22
H2033_FU,TM,NaN,med,1,3
H2034,SP,0p25,NaN,1,78
H2034,SP,0p25,NaN,2,80
H2034,SP,0p5,NaN,1,131
H2034,SP,0p5,NaN,2,134
H2034,SP,0p75,NaN,1,159
H2034,SP,0p75,NaN,2,157
H2034,SP,1p0,NaN,1,174
H2034,SP,1p0,NaN,2,172
H2034,TM,NaN,flat,1,166
H2034,TM,NaN,flat,2,156
H2034,TM,NaN,high,1,195
H2034,TM,NaN,high,2,201
H2034,TM,NaN,low,1,214
H2034,TM,NaN,low,2,215
H2034,TM,NaN,med,1,211
H2034,TM,NaN,med,2,211
H2034_FU,SP,0p25,NaN,1,75
H2034_FU,SP,0p25,NaN,2,76
H2034_FU,SP,0p5,NaN,1,126
H2034_FU,SP,0p5,NaN,2,123
H2034_FU,SP,0p75,NaN,1,143
H2034_FU,SP,0p75,NaN,2,148
H2034_FU,SP,1p0,NaN,1,172
H2034_FU,SP,1p0,NaN,2,45
H2034_FU,TM,NaN,flat,1,156
H2034_FU,TM,NaN,flat,2,146
H2034_FU,TM,NaN,high,1,172
H2034_FU,TM,NaN,high,2,171
H2034_FU,TM,NaN,low,1,149
H2034_FU,TM,NaN,low,2,149
H2034_FU,TM,NaN,med,1,150
H2034_FU,TM,NaN,med,2,156
H2036,SP,0p25,NaN,1,86
H2036,SP,0p25,NaN,2,91
H2036,SP,0p5,NaN,1,138
H2036,SP,0p5,NaN,2,138
H2036,SP,0p75,NaN,1,141
H2036,SP,0p75,NaN,2,147
H2036,SP,1p0,NaN,1,175
H2036,SP,1p0,NaN,2,163
H2036,TM,NaN,flat,1,127
H2036,TM,NaN,flat,2,128
H2036,TM,NaN,high,1,172
H2036,TM,NaN,high,2,158
H2036,TM,NaN,low,1,146
H2036,TM,NaN,low,2,140
H2036,TM,NaN,med,1,139
H2036,TM,NaN,med,2,144
H2037,SP,0p25,NaN,1,68
H2037,SP,0p25,NaN,2,67
H2037,SP,0p5,NaN,1,105
H2037,SP,0p5,NaN,2,100
H2037,SP,0p75,NaN,1,136
H2037,SP,0p75,NaN,2,133
H2037,SP,1p0,NaN,1,162
H2037,SP,1p0,NaN,2,163
H2037,TM,NaN,flat,1,105
H2037,TM,NaN,flat,2,100
H2037,TM,NaN,high,1,124
H2037,TM,NaN,high,2,126
H2037,TM,NaN,low,1,117
H2037,TM,NaN,low,2,110
H2037,TM,NaN,med,1,117
H2037,TM,NaN,med,2,110
H2038,SP,0p25,NaN,1,95
H2038,SP,0p25,NaN,2,98
H2038,SP,0p5,NaN,1,124
H2038,SP,0p5,NaN,2,122
H2038,SP,0p75,NaN,1,131
H2038,SP,0p75,NaN,2,126
H2038,SP,1p0,NaN,1,140
H2038,SP,1p0,NaN,2,140
H2038,TM,NaN,flat,1,126
H2038,TM,NaN,flat,2,127
H2038,TM,NaN,high,1,164
H2038,TM,NaN,high,2,162
H2038,TM,NaN,low,1,150
H2038,TM,NaN,low,2,153
H2038,TM,NaN,med,1,163
H2038,TM,NaN,med,2,161
H2038_FU,SP,0p25,NaN,1,92
H2038_FU,SP,0p25,NaN,2,95
H2038_FU,SP,0p5,NaN,1,129
H2038_FU,SP,0p5,NaN,2,123
H2038_FU,SP,0p75,NaN,1,134
H2038_FU,SP,0p75,NaN,2,131
H2038_FU,SP,1p0,NaN,1,149
H2038_FU,SP,1p0,NaN,2,145
H2038_FU,TM,NaN,flat,1,144
H2038_FU,TM,NaN,flat,2,141
H2038_FU,TM,NaN,high,1,149
H2038_FU,TM,NaN,high,2,148
H2038_FU,TM,NaN,low,1,151
H2038_FU,TM,NaN,low,2,150
H2038_FU,TM,NaN,med,1,162
H2038_FU,TM,NaN,med,2,156
H2039,SP,0p25,NaN,1,153
H2039,SP,0p25,NaN,2,173
H2039,SP,0p5,NaN,1,117
H2039,SP,0p5,NaN,2,122
H2039,SP,0p75,NaN,1,148
H2039,SP,0p75,NaN,2,146
H2039,SP,1p0,NaN,1,203
H2039,SP,1p0,NaN,2,185
H2039,TM,NaN,flat,1,112
H2039,TM,NaN,flat,2,115
H2039,TM,NaN,high,1,147
H2039,TM,NaN,high,2,135
H2039,TM,NaN,low,1,133
H2039,TM,NaN,low,2,131
H2039,TM,NaN,med,1,149
H2039,TM,NaN,med,2,140
H2041,SP,0p25,NaN,1,68
H2041,SP,0p25,NaN,2,72
H2041,SP,0p5,NaN,1,108
H2041,SP,0p5,NaN,2,107
H2041,SP,0p75,NaN,1,130
H2041,SP,0p75,NaN,2,131
H2041,SP,1p0,NaN,1,146
H2041,SP,1p0,NaN,2,147
H2041,TM,NaN,flat,1,123
H2041,TM,NaN,flat,2,122
H2041,TM,NaN,high,1,118
H2041,TM,NaN,high,2,119
H2041,TM,NaN,low,1,114
H2041,TM,NaN,low,2,117
H2041,TM,NaN,med,1,119
H2041,TM,NaN,med,2,113
H2042,SP,0p25,NaN,1,65
H2042,SP,0p25,NaN,2,69
H2042,SP,0p5,NaN,1,88
H2042,SP,0p5,NaN,2,94
H2042,SP,0p75,NaN,1,128
H2042,SP,0p75,NaN,2,126
H2042,SP,1p0,NaN,1,143
H2042,SP,1p0,NaN,2,145
H2042,TM,NaN,flat,1,128
H2042,TM,NaN,flat,2,130
H2042,TM,NaN,high,1,141
H2042,TM,NaN,high,2,145
H2042,TM,NaN,low,1,139
H2042,TM,NaN,low,2,139
H2042,TM,NaN,med,1,143
H2042,TM,NaN,med,2,140
H2042_FU,SP,0p25,NaN,1,71
H2042_FU,SP,0p25,NaN,2,75
H2042_FU,SP,0p5,NaN,1,119
H2042_FU,SP,0p5,NaN,2,122
H2042_FU,SP,0p75,NaN,1,136
H2042_FU,SP,0p75,NaN,2,138
H2042_FU,SP,1p0,NaN,1,150
H2042_FU,SP,1p0,NaN,2,150
H2042_FU,TM,NaN,flat,1,146
H2042_FU,TM,NaN,flat,2,139
H2042_FU,TM,NaN,high,1,162
H2042_FU,TM,NaN,high,2,156
H2042_FU,TM,NaN,low,1,154
H2042_FU,TM,NaN,low,2,151
H2042_FU,TM,NaN,med,1,151
H2042_FU,TM,NaN,med,2,150
H2052,SP,0p25,NaN,1,80
H2052,SP,0p25,NaN,2,77
H2052,SP,0p5,NaN,1,111
H2052,SP,0p5,NaN,2,117
H2052,SP,0p75,NaN,1,128
H2052,SP,0p75,NaN,2,126
H2052,SP,1p0,NaN,1,142
H2052,SP,1p0,NaN,2,140
H2052,TM,NaN,flat,1,119
H2052,TM,NaN,flat,2,116
H2052,TM,NaN,high,1,139
H2052,TM,NaN,high,2,139
H2052,TM,NaN,low,1,126
H2052,TM,NaN,low,2,127
H2052,TM,NaN,med,1,135
H2052,TM,NaN,med,2,136
H2059,SP,0p25,NaN,1,80
H2059,SP,0p25,NaN,2,83
H2059,SP,0p5,NaN,1,97
H2059,SP,0p5,NaN,2,95
H2059,SP,0p75,NaN,1,121
H2059,SP,0p75,NaN,2,119
H2059,SP,1p0,NaN,1,143
H2059,SP,1p0,NaN,2,137
H2059,TM,NaN,flat,1,92
H2059,TM,NaN,flat,2,91
H2059,TM,NaN,high,1,132
H2059,TM,NaN,high,2,124
H2059,TM,NaN,low,1,116
H2059,TM,NaN,low,2,114
H2059,TM,NaN,med,1,98
H2059,TM,NaN,med,2,101
H2059_FU,SP,0p25,NaN,1,81
H2059_FU,SP,0p25,NaN,2,85
H2059_FU,SP,0p5,NaN,1,108
H2059_FU,SP,0p5,NaN,2,104
H2059_FU,SP,0p75,NaN,1,145
H2059_FU,SP,0p75,NaN,2,138
H2059_FU,SP,1p0,NaN,1,139
H2059_FU,SP,1p0,NaN,2,141
H2059_FU,TM,NaN,flat,1,108
H2059_FU,TM,NaN,flat,2,100
H2059_FU,TM,NaN,high,1,106
H2059_FU,TM,NaN,high,2,67
H2059_FU,TM,NaN,low,1,103
H2059_FU,TM,NaN,low,2,106
H2059_FU,TM,NaN,med,1,104
H2059_FU,TM,NaN,med,2,104
H2062,SP,0p25,NaN,1,94
H2062,SP,0p25,NaN,2,100
H2062,SP,0p5,NaN,1,120
H2062,SP,0p5,NaN,2,122
H2062,SP,0p75,NaN,1,150
H2062,SP,0p75,NaN,2,143
H2062,SP,1p0,NaN,1,170
H2062,SP,1p0,NaN,2,168
H2062,TM,NaN,flat,1,118
H2062,TM,NaN,flat,2,121
H2062,TM,NaN,high,1,147
H2062,TM,NaN,high,2,156
H2062,TM,NaN,low,1,128
H2062,TM,NaN,low,2,121
H2062,TM,NaN,med,1,139
H2062,TM,NaN,med,2,132
H2062_FU,SP,0p25,NaN,1,101
H2062_FU,SP,0p25,NaN,2,107
H2062_FU,SP,0p5,NaN,1,143
H2062_FU,SP,0p5,NaN,2,141
H2062_FU,SP,0p75,NaN,1,142
H2062_FU,SP,0p75,NaN,2,155
H2062_FU,SP,1p0,NaN,1,168
H2062_FU,SP,1p0,NaN,2,168
H2062_FU,TM,NaN,flat,1,138
H2062_FU,TM,NaN,flat,2,137
H2062_FU,TM,NaN,high,1,142
H2062_FU,TM,NaN,high,2,146
H2062_FU,TM,NaN,low,1,131
H2062_FU,TM,NaN,low,2,137
H2062_FU,TM,NaN,med,1,139
H2062_FU,TM,NaN,med,2,144
H2072,SP,0p25,NaN,1,105
H2072,SP,0p25,NaN,2,101
H2072,SP,0p5,NaN,1,125
H2072,SP,0p5,NaN,2,125
H2072,SP,0p75,NaN,1,185
H2072,SP,0p75,NaN,2,176
H2072,TM,NaN,flat,1,132
H2072,TM,NaN,flat,2,118
H2072,TM,NaN,high,1,58
H2072,TM,NaN,high,2,43
H2072,TM,NaN,low,1,153
H2072,TM,NaN,low,2,167
H2072,TM,NaN,med,1,144
H2082,SP,0p25,NaN,1,87
H2082,SP,0p25,NaN,2,75
H2082,SP,0p5,NaN,1,105
H2082,SP,0p5,NaN,2,102
H2082,SP,0p75,NaN,1,156
H2082,SP,0p75,NaN,2,149
H2082,SP,1p0,NaN,1,170
H2082,SP,1p0,NaN,2,177
H2082,TM,NaN,flat,1,104
H2082,TM,NaN,flat,2,98
H2082,TM,NaN,high,1,150
H2082,TM,NaN,high,2,125
H2082,TM,NaN,low,1,122
H2082,TM,NaN,low,2,108
H2082,TM,NaN,med,1,105
H2082,TM,NaN,med,2,101
H2090,SP,0p25,NaN,1,87
H2090,SP,0p25,NaN,2,83
H2090,SP,0p5,NaN,1,123
H2090,SP,0p5,NaN,2,121
H2090,SP,0p75,NaN,1,157
H2090,SP,0p75,NaN,2,156
H2090,SP,1p0,NaN,1,175
H2090,SP,1p0,NaN,2,87
H2090,TM,NaN,flat,1,94
H2090,TM,NaN,flat,2,86
H2090,TM,NaN,high,1,117
H2090,TM,NaN,high,2,122
H2090,TM,NaN,low,1,153
H2090,TM,NaN,low,2,160
H2090,TM,NaN,med,1,137
H2090,TM,NaN,med,2,128
H2090_FU,SP,0p25,NaN,1,117
H2090_FU,SP,0p25,NaN,2,93
H2090_FU,SP,0p5,NaN,1,124
H2090_FU,SP,0p5,NaN,2,125
H2090_FU,SP,0p75,NaN,1,162
H2090_FU,SP,0p75,NaN,2,165
H2090_FU,SP,1p0,NaN,1,185
H2090_FU,SP,1p0,NaN,2,187
H2090_FU,TM,NaN,flat,1,98
H2090_FU,TM,NaN,flat,2,92
H2090_FU,TM,NaN,high,1,147
H2090_FU,TM,NaN,high,2,137
H2090_FU,TM,NaN,low,1,130
H2090_FU,TM,NaN,low,2,146
H2090_FU,TM,NaN,med,1,131
H2090_FU,TM,NaN,med,2,138
H2095,SP,0p25,NaN,1,82
H2095,SP,0p25,NaN,2,33
H2095,SP,0p5,NaN,1,126
H2095,SP,0p5,NaN,2,138
H2095,SP,0p75,NaN,1,129
H2095,SP,0p75,NaN,2,130
H2095,SP,1p0,NaN,1,205
H2095,SP,1p0,NaN,2,145
H2095,TM,NaN,flat,1,129
H2095,TM,NaN,flat,2,117
H2095,TM,NaN,high,1,175
H2095,TM,NaN,high,2,144
H2095,TM,NaN,low,1,159
H2095,TM,NaN,low,2,181
H2095,TM,NaN,med,1,203
H2095,TM,NaN,med,2,209
H2111,SP,0p25,NaN,1,46
H2111,SP,0p25,NaN,2,49
H2111,SP,0p5,NaN,1,66
H2111,SP,0p5,NaN,2,66
H2111,SP,0p75,NaN,1,138
H2111,SP,0p75,NaN,2,88
H2111,SP,1p0,NaN,1,99
H2111,SP,1p0,NaN,2,100
H2111,TM,NaN,flat,1,87
H2111,TM,NaN,flat,2,75
H2111,TM,NaN,high,1,101
H2111,TM,NaN,high,2,93
H2111,TM,NaN,low,1,91
H2111,TM,NaN,low,2,89
H2111,TM,NaN,med,1,144
H2111,TM,NaN,med,2,126
H2117,SP,0p25,NaN,1,108
H2117,SP,0p5,NaN,1,131
H2117,SP,0p75,NaN,1,117
H2117,SP,1p0,NaN,1,160
H2117,SP,1p0,NaN,2,159
H2117,TM,NaN,flat,1,142
H2117,TM,NaN,flat,2,127
H2117,TM,NaN,high,1,177
H2117,TM,NaN,high,2,174
H2117,TM,NaN,low,1,160
H2117,TM,NaN,low,2,164
H2117,TM,NaN,med,1,158
H2117,TM,NaN,med,2,165
H3018,SP,0p25,NaN,1,84
H3018,SP,0p25,NaN,2,72
H3018,SP,0p75,NaN,1,105
H3018,SP,0p75,NaN,2,108
H3018,SP,1p0,NaN,1,62
H3018,SP,1p0,NaN,2,58
H3018,TM,NaN,flat,1,132
H3018,TM,NaN,flat,2,130
H3018,TM,NaN,high,1,145
H3018,TM,NaN,high,2,110
H3018,TM,NaN,low,2,141
H3018,TM,NaN,med,1,124
H3018,TM,NaN,med,2,139
H3024,SP,0p25,NaN,1,104
H3024,SP,0p5,NaN,1,102
H3024,TM,NaN,flat,1,44
H3024,TM,NaN,flat,2,40
H3024,TM,NaN,low,1,53
H3024,TM,NaN,low,2,89
H3024,TM,NaN,med,1,30
H3024,TM,NaN,med,2,46
H3024_Case,SP,0p25,NaN,1,128
H3024_Case,SP,0p25,NaN,2,122
H3024_Case,SP,0p5,NaN,1,88
H3024_Case,TM,NaN,flat,1,39
H3024_Case,TM,NaN,flat,2,25
H3024_Case,TM,NaN,low,1,22
H3024_Case,TM,NaN,low,2,28
H3024_Case,TM,NaN,med,1,37
H3024_Case,TM,NaN,med,2,52
H3029,SP,0p25,NaN,1,110
H3029,SP,0p25,NaN,2,110
H3029,SP,0p5,NaN,1,123
H3029,SP,0p5,NaN,2,117
H3029,SP,0p75,NaN,1,135
H3029,SP,0p75,NaN,2,136
H3029,SP,1p0,NaN,1,148
H3029,SP,1p0,NaN,2,149
H3029,TM,NaN,flat,1,110
H3029,TM,NaN,flat,2,110
H3029,TM,NaN,high,1,143
H3029,TM,NaN,high,2,146
H3029,TM,NaN,low,1,179
H3029,TM,NaN,low,2,137
H3029,TM,NaN,med,1,136
H3029,TM,NaN,med,2,173
H3029_FU,SP,0p25,NaN,1,158
H3029_FU,SP,0p25,NaN,2,157
H3029_FU,SP,0p5,NaN,1,128
H3029_FU,SP,0p5,NaN,2,134
H3029_FU,SP,0p75,NaN,1,141
H3029_FU,SP,0p75,NaN,2,136
H3029_FU,SP,1p0,NaN,1,149
H3029_FU,SP,1p0,NaN,2,150
H3029_FU,TM,NaN,flat,1,158
H3029_FU,TM,NaN,flat,2,157
H3029_FU,TM,NaN,high,1,161
H3029_FU,TM,NaN,high,2,163
H3029_FU,TM,NaN,low,1,138
H3029_FU,TM,NaN,low,2,142
H3029_FU,TM,NaN,med,1,137
H3029_FU,TM,NaN,med,2,146
H3034,SP,0p25,NaN,1,89
H3034,SP,0p25,NaN,2,83
H3034,SP,0p5,NaN,1,119
H3034,SP,0p5,NaN,2,118
H3034,SP,0p75,NaN,1,142
H3034,SP,0p75,NaN,2,142
H3034,SP,1p0,NaN,1,161
H3034,SP,1p0,NaN,2,139
H3034,TM,NaN,flat,1,130
H3034,TM,NaN,flat,2,111
H3034,TM,NaN,high,1,143
H3034,TM,NaN,high,2,138
H3034,TM,NaN,low,1,134
H3034,TM,NaN,low,2,115
H3034,TM,NaN,med,1,147
H3034,TM,NaN,med,2,152
H3039,SP,0p25,NaN,1,79
H3039,SP,0p25,NaN,2,78
H3039,SP,0p5,NaN,1,108
H3039,SP,0p5,NaN,2,107
H3039,SP,0p75,NaN,1,122
H3039,SP,0p75,NaN,2,123
H3039,SP,1p0,NaN,1,156
H3039,SP,1p0,NaN,2,148
H3039,TM,NaN,flat,1,98
H3039,TM,NaN,flat,2,95
H3039,TM,NaN,high,1,112
H3039,TM,NaN,high,2,109
H3039,TM,NaN,low,1,130
H3039,TM,NaN,low,2,104
H3039,TM,NaN,med,1,138
H3039,TM,NaN,med,2,129
H3039_FU,SP,0p25,NaN,1,80
H3039_FU,SP,0p25,NaN,2,83
H3039_FU,SP,0p5,NaN,1,102
H3039_FU,SP,0p5,NaN,2,102
H3039_FU,SP,0p75,NaN,1,126
H3039_FU,SP,0p75,NaN,2,124
H3039_FU,SP,1p0,NaN,1,151
H3039_FU,SP,1p0,NaN,2,148
H3039_FU,TM,NaN,flat,1,99
H3039_FU,TM,NaN,flat,2,92
H3039_FU,TM,NaN,high,1,125
H3039_FU,TM,NaN,high,2,120
H3039_FU,TM,NaN,low,1,47
H3039_FU,TM,NaN,low,2,136
H3039_FU,TM,NaN,med,1,103
H3039_FU,TM,NaN,med,2,96
H3042,SP,0p25,NaN,1,143
H3042,SP,0p25,NaN,2,152
H3042,SP,0p5,NaN,1,97
H3042,SP,0p5,NaN,2,97
H3042,SP,0p75,NaN,1,165
H3042,SP,0p75,NaN,2,109
H3042,SP,1p0,NaN,1,175
H3042,SP,1p0,NaN,2,172
H3042,TM,NaN,flat,1,151
H3042,TM,NaN,flat,2,153
H3042,TM,NaN,high,1,137
H3042,TM,NaN,high,2,137
H3042,TM,NaN,low,1,147
H3042,TM,NaN,low,2,150
H3042,TM,NaN,med,1,119
H3042,TM,NaN,med,2,120
H3046,SP,0p25,NaN,1,101
H3046,SP,0p25,NaN,2,103
H3046,SP,0p5,NaN,1,122
H3046,SP,0p5,NaN,2,119
H3046,TM,NaN,flat,1,77
H3046,TM,NaN,flat,2,84
H3046,TM,NaN,high,1,27
H3046,TM,NaN,high,2,26
H3046,TM,NaN,low,1,41
H3046,TM,NaN,low,2,36
H3046,TM,NaN,med,1,31
H3046,TM,NaN,med,2,38
H3047,SP,0p25,NaN,1,86
H3047,SP,0p25,NaN,2,85
H3047,SP,0p5,NaN,1,129
H3047,SP,0p5,NaN,2,131
H3047,TM,NaN,flat,1,82
H3047,TM,NaN,flat,2,74
H3047,TM,NaN,high,1,86
H3047,TM,NaN,high,2,82
H3047,TM,NaN,low,1,75
H3047,TM,NaN,low,2,75
H3047,TM,NaN,med,1,76
H3047,TM,NaN,med,2,73
H3053,SP,0p25,NaN,1,89
H3053,SP,0p25,NaN,2,89
H3053,SP,0p5,NaN,1,118
H3053,SP,0p75,NaN,1,151
H3053,SP,0p75,NaN,2,110
H3053,TM,NaN,flat,1,96
H3053,TM,NaN,flat,2,97
H3053,TM,NaN,high,1,112
H3053,TM,NaN,high,2,116
H3053,TM,NaN,low,1,103
H3053,TM,NaN,low,2,105
H3053,TM,NaN,med,1,101
H3053,TM,NaN,med,2,104
H3063,SP,0p25,NaN,1,101
H3063,SP,0p25,NaN,2,92
H3063,SP,0p5,NaN,1,117
H3063,SP,0p5,NaN,2,77
H3063,SP,0p75,NaN,1,139
H3063,SP,0p75,NaN,2,138
H3063,TM,NaN,flat,1,101
H3063,TM,NaN,flat,2,92
H3063,TM,NaN,high,1,92
H3063,TM,NaN,high,2,85
H3063,TM,NaN,low,1,98
H3063,TM,NaN,low,2,97
H3063,TM,NaN,med,1,105
H3063,TM,NaN,med,2,105
H3063_FU,SP,0p25,NaN,1,104
H3063_FU,SP,0p25,NaN,2,94
H3063_FU,SP,0p5,NaN,1,123
H3063_FU,SP,0p5,NaN,2,119
H3063_FU,SP,0p75,NaN,1,143
H3063_FU,SP,0p75,NaN,2,142
H3063_FU,TM,NaN,flat,1,104
H3063_FU,TM,NaN,flat,2,94
H3063_FU,TM,NaN,high,1,83
H3063_FU,TM,NaN,high,2,78
H3063_FU,TM,NaN,low,1,104
H3063_FU,TM,NaN,low,2,101
H3063_FU,TM,NaN,med,1,101
H3063_FU,TM,NaN,med,2,103
H3072,SP,0p25,NaN,1,105
H3072,SP,0p25,NaN,2,96
H3072,SP,0p5,NaN,1,124
H3072,SP,0p5,NaN,2,121
H3072,SP,0p75,NaN,1,172
H3072,SP,0p75,NaN,2,171
H3072,SP,1p0,NaN,1,64
H3072,SP,1p0,NaN,2,66
H3072,TM,NaN,flat,1,118
H3072,TM,NaN,flat,2,97
H3072,TM,NaN,high,1,98
H3072,TM,NaN,high,2,96
H3072,TM,NaN,low,1,96
H3072,TM,NaN,low,2,99
H3072,TM,NaN,med,1,87
H3072,TM,NaN,med,2,86
H3077,SP,0p5,NaN,1,106
H3077,SP,0p5,NaN,2,106
H3077,SP,0p75,NaN,1,136
H3077,SP,0p75,NaN,2,129
H3077,SP,1p0,NaN,1,101
H3077,SP,1p0,NaN,2,102
H3077,TM,NaN,flat,1,94
H3077,TM,NaN,flat,2,74
H3077,TM,NaN,high,1,96
H3077,TM,NaN,high,2,93
H3077,TM,NaN,low,1,82
H3077,TM,NaN,low,2,76
H3077,TM,NaN,med,1,87
H3077,TM,NaN,med,2,86
H3077_FU,SP,0p5,NaN,1,70
H3077_FU,SP,0p5,NaN,2,68
H3077_FU,SP,0p75,NaN,1,85
H3077_FU,SP,0p75,NaN,2,83
H3077_FU,SP,1p0,NaN,1,87
H3077_FU,TM,NaN,flat,1,84
H3077_FU,TM,NaN,flat,2,52
H3077_FU,TM,NaN,high,1,100
H3077_FU,TM,NaN,high,2,93
H3077_FU,TM,NaN,low,1,20
H3077_FU,TM,NaN,low,2,79
H3077_FU,TM,NaN,med,1,57
H3077_FU,TM,NaN,med,2,91
H3092,SP,0p25,NaN,1,98
H3092,SP,0p25,NaN,2,99
H3092,SP,0p5,NaN,1,133
H3092,SP,0p5,NaN,2,134
H3092,SP,0p75,NaN,1,106
H3092,SP,0p75,NaN,2,106
H3092,TM,NaN,flat,1,65
H3092,TM,NaN,flat,2,46
H3092,TM,NaN,high,1,14
H3092,TM,NaN,high,2,14
H3092,TM,NaN,low,1,27
H3092,TM,NaN,low,2,27
H3092,TM,NaN,med,1,26
H3092,TM,NaN,med,2,26
H3103,SP,0p25,NaN,1,80
H3103,SP,0p25,NaN,2,77
H3103,SP,0p5,NaN,1,131
H3103,SP,0p5,NaN,2,121
H3103,SP,0p75,NaN,1,148
H3103,SP,0p75,NaN,2,146
H3103,SP,1p0,NaN,1,163
H3103,SP,1p0,NaN,2,158
H3103,TM,NaN,flat,1,88
H3103,TM,NaN,flat,2,94
H3103,TM,NaN,high,1,124
H3103,TM,NaN,high,2,126
H3103,TM,NaN,low,1,126
H3103,TM,NaN,low,2,136
H3103,TM,NaN,med,1,150
H3103,TM,NaN,med,2,156
H3103_FU,SP,0p25,NaN,1,75
H3103_FU,SP,0p25,NaN,2,75
H3103_FU,SP,0p5,NaN,1,122
H3103_FU,SP,0p5,NaN,2,120
H3103_FU,SP,0p75,NaN,1,143
H3103_FU,SP,0p75,NaN,2,137
H3103_FU,SP,1p0,NaN,1,157
H3103_FU,SP,1p0,NaN,2,155
H3103_FU,TM,NaN,flat,1,93
H3103_FU,TM,NaN,flat,2,91
H3103_FU,TM,NaN,high,1,120
H3103_FU,TM,NaN,high,2,124
H3103_FU,TM,NaN,low,1,107
H3103_FU,TM,NaN,low,2,105
H3103_FU,TM,NaN,med,1,111
H3103_FU,TM,NaN,med,2,111
H3107,SP,0p25,NaN,1,107
H3107,SP,0p25,NaN,2,117
H3107,SP,0p5,NaN,1,141
H3107,SP,0p5,NaN,2,147
H3107,SP,0p75,NaN,1,166
H3107,SP,0p75,NaN,2,163
H3107,SP,1p0,NaN,1,199
H3107,SP,1p0,NaN,2,186
H3107,TM,NaN,flat,1,189
H3107,TM,NaN,flat,2,189
H3107,TM,NaN,high,1,147
H3107,TM,NaN,high,2,168
H3107,TM,NaN,low,1,215
H3107,TM,NaN,low,2,217
H3107,TM,NaN,med,1,212
H3107,TM,NaN,med,2,208
H3120,SP,0p25,NaN,1,108
H3120,SP,0p25,NaN,2,100
H3120,SP,0p5,NaN,1,114
H3120,SP,0p5,NaN,2,112
H3120,SP,0p75,NaN,1,149
H3120,SP,0p75,NaN,2,137
H3120,SP,1p0,NaN,1,153
H3120,SP,1p0,NaN,2,150
H3120,TM,NaN,flat,1,108
H3120,TM,NaN,flat,2,100
H3120,TM,NaN,high,1,82
H3120,TM,NaN,high,2,93
H3120,TM,NaN,low,1,107
H3120,TM,NaN,low,2,92
H3120,TM,NaN,med,1,96
H3120,TM,NaN,med,2,99
NH3002,SP,0p25,NaN,1,70
NH3002,SP,0p5,NaN,1,99
NH3002,SP,0p75,NaN,1,121
NH3002,SP,1p0,NaN,1,147
NH3002,TM,NaN,flat,1,99
NH3002,TM,NaN,high,1,72
NH3002,TM,NaN,low,1,104
NH3002,TM,NaN,med,1,106
NH3006,SP,0p25,NaN,1,110
NH3006,SP,0p25,NaN,2,105
NH3006,SP,0p5,NaN,1,138
NH3006,SP,0p5,NaN,2,136
NH3006,TM,NaN,flat,1,99
NH3006,TM,NaN,flat,2,89
NH3006,TM,NaN,high,1,127
NH3006,TM,NaN,high,2,131
NH3006,TM,NaN,low,1,108
NH3006,TM,NaN,low,2,118
NH3006,TM,NaN,med,1,115
NH3006,TM,NaN,med,2,118
NH3007,SP,0p25,NaN,1,101
NH3007,SP,0p25,NaN,2,100
NH3007,SP,0p5,NaN,1,122
NH3007,SP,0p5,NaN,2,120
NH3007,SP,0p75,NaN,1,132
NH3007,SP,0p75,NaN,2,133
NH3007,SP,1p0,NaN,1,106
NH3007,TM,NaN,flat,1,101
NH3007,TM,NaN,flat,2,100
NH3007,TM,NaN,low,1,123
NH3007,TM,NaN,low,2,123
NH3007,TM,NaN,med,1,134
NH3007,TM,NaN,med,2,132
NH3008,SP,0p25,NaN,1,130
NH3008,SP,0p25,NaN,2,128
NH3008,SP,0p5,NaN,1,151
NH3008,SP,0p5,NaN,2,140
NH3008,SP,0p75,NaN,1,147
NH3008,SP,0p75,NaN,2,143
NH3008,SP,1p0,NaN,1,158
NH3008,SP,1p0,NaN,2,159
NH3008,TM,NaN,flat,1,163
NH3008,TM,NaN,flat,2,162
NH3008,TM,NaN,high,1,201
NH3008,TM,NaN,high,2,218
NH3008,TM,NaN,low,1,170
NH3008,TM,NaN,low,2,176
NH3008,TM,NaN,med,1,171
NH3008,TM,NaN,med,2,175
NH3010,SP,0p25,NaN,1,135
NH3010,SP,0p25,NaN,2,142
NH3010,SP,0p5,NaN,1,157
NH3010,SP,0p5,NaN,2,149
NH3010,SP,0p75,NaN,1,167
NH3010,SP,0p75,NaN,2,168
NH3010,SP,1p0,NaN,1,177
NH3010,SP,1p0,NaN,2,177
NH3010,TM,NaN,flat,1,129
NH3010,TM,NaN,flat,2,127
NH3010,TM,NaN,high,1,137
NH3010,TM,NaN,high,2,139
NH3010,TM,NaN,low,1,151
NH3010,TM,NaN,low,2,150
NH3010,TM,NaN,med,1,148
NH3010,TM,NaN,med,2,144
NH3021,SP,0p25,NaN,1,96
NH3021,SP,0p25,NaN,2,98
NH3021,SP,0p5,NaN,1,119
NH3021,SP,0p5,NaN,2,118
NH3021,SP,0p75,NaN,1,77
NH3021,SP,1p0,NaN,1,169
NH3021,TM,NaN,flat,1,107
NH3021,TM,NaN,flat,2,106
NH3021,TM,NaN,high,1,113
NH3021,TM,NaN,high,2,111
NH3021,TM,NaN,low,1,110
NH3021,TM,NaN,low,2,111
NH3021,TM,NaN,med,1,109
NH3021,TM,NaN,med,2,115
NH3021_Case,SP,0p25,NaN,1,102
NH3021_Case,SP,0p25,NaN,2,101
NH3021_Case,SP,0p5,NaN,1,116
NH3021_Case,SP,0p5,NaN,2,126
NH3021_Case,SP,0p75,NaN,1,148
NH3021_Case,SP,1p0,NaN,1,175
NH3021_Case,TM,NaN,flat,1,117
NH3021_Case,TM,NaN,flat,2,117
NH3021_Case,TM,NaN,high,1,119
NH3021_Case,TM,NaN,high,2,126
NH3021_Case,TM,NaN,low,1,117
NH3021_Case,TM,NaN,low,2,122
NH3021_Case,TM,NaN,med,1,121
NH3021_Case,TM,NaN,med,2,121
NH3023_Case,SP,0p25,NaN,1,127
NH3023_Case,SP,0p25,NaN,2,123
NH3025,SP,0p25,NaN,1,103
NH3025,SP,0p25,NaN,2,97
NH3025,SP,0p5,NaN,1,78
NH3025,SP,0p5,NaN,2,47
NH3025,TM,NaN,flat,1,75
NH3025,TM,NaN,flat,2,68
NH3025,TM,NaN,high,1,28
NH3025,TM,NaN,high,2,27
NH3025,TM,NaN,low,1,38
NH3025,TM,NaN,low,2,71
NH3025,TM,NaN,med,1,69
NH3025,TM,NaN,med,2,77
NH3025_Case,SP,0p25,NaN,1,59
NH3025_Case,SP,0p25,NaN,2,43
NH3025_Case,SP,0p5,NaN,1,63
NH3025_Case,SP,0p5,NaN,2,64
NH3025_Case,TM,NaN,flat,1,16
NH3025_Case,TM,NaN,flat,2,25
NH3025_Case,TM,NaN,low,1,28
NH3025_Case,TM,NaN,low,2,23
NH3025_Case,TM,NaN,med,1,24
NH3025_Case,TM,NaN,med,2,15
NH3026,SP,0p25,NaN,1,118
NH3026,SP,0p25,NaN,2,119
NH3026,SP,0p5,NaN,1,139
NH3026,SP,0p5,NaN,2,146
NH3026,SP,0p75,NaN,1,172
NH3026,SP,0p75,NaN,2,167
NH3026,SP,1p0,NaN,1,169
NH3026,SP,1p0,NaN,2,122
NH3026,TM,NaN,flat,1,97
NH3026,TM,NaN,flat,2,103
NH3026,TM,NaN,high,1,103
NH3026,TM,NaN,high,2,87
NH3026,TM,NaN,low,1,107
NH3026,TM,NaN,low,2,111
NH3026,TM,NaN,med,1,107
NH3026,TM,NaN,med,2,98
NH3026_FU,SP,0p25,NaN,1,128
NH3026_FU,SP,0p25,NaN,2,131
NH3026_FU,SP,0p5,NaN,1,148
NH3026_FU,SP,0p5,NaN,2,150
NH3026_FU,SP,0p75,NaN,1,163
NH3026_FU,SP,0p75,NaN,2,163
NH3026_FU,SP,1p0,NaN,1,97
NH3026_FU,TM,NaN,flat,1,94
NH3026_FU,TM,NaN,flat,2,87
NH3026_FU,TM,NaN,high,1,79
NH3026_FU,TM,NaN,high,2,86
NH3026_FU,TM,NaN,low,1,87
NH3026_FU,TM,NaN,low,2,91
NH3026_FU,TM,NaN,med,1,79
NH3026_FU,TM,NaN,med,2,87
NH3027,SP,0p25,NaN,1,142
NH3027,SP,0p25,NaN,2,129
NH3027,TM,NaN,flat,1,92
NH3027,TM,NaN,flat,2,100
NH3027,TM,NaN,low,1,54
NH3027,TM,NaN,low,2,51
NH3027,TM,NaN,med,1,38
NH3027,TM,NaN,med,2,25
NH3028,SP,0p25,NaN,1,44
NH3028,SP,0p25,NaN,2,44
NH3028,TM,NaN,flat,1,78
NH3028,TM,NaN,flat,2,57
NH3028,TM,NaN,low,1,65
NH3028,TM,NaN,low,2,72
NH3028,TM,NaN,med,1,22
NH3028,TM,NaN,med,2,13
NH3030,SP,0p25,NaN,1,81
NH3030,SP,0p25,NaN,2,81
NH3030,SP,0p5,NaN,1,156
NH3030,SP,0p5,NaN,2,136
NH3030,SP,0p75,NaN,1,162
NH3030,SP,0p75,NaN,2,164
NH3030,SP,1p0,NaN,1,97
NH3030,SP,1p0,NaN,2,60
NH3030,TM,NaN,flat,1,58
NH3030,TM,NaN,flat,2,75
NH3030,TM,NaN,high,1,52
NH3030,TM,NaN,high,2,48
NH3030,TM,NaN,low,1,76
NH3030,TM,NaN,low,2,76
NH3030,TM,NaN,med,1,90
NH3030,TM,NaN,med,2,78
NH3030_FU,SP,0p25,NaN,1,83
NH3030_FU,SP,0p25,NaN,2,84
NH3030_FU,SP,0p5,NaN,1,148
NH3030_FU,SP,0p5,NaN,2,138
NH3030_FU,SP,0p75,NaN,1,108
NH3030_FU,SP,0p75,NaN,2,103
NH3030_FU,SP,1p0,NaN,1,113
NH3030_FU,SP,1p0,NaN,2,112
NH3030_FU,TM,NaN,flat,1,70
NH3030_FU,TM,NaN,flat,2,66
NH3030_FU,TM,NaN,high,1,74
NH3030_FU,TM,NaN,high,2,76
NH3030_FU,TM,NaN,low,1,64
NH3030_FU,TM,NaN,low,2,73
NH3030_FU,TM,NaN,med,1,78
NH3030_FU,TM,NaN,med,2,71
NH3036,SP,0p25,NaN,1,162
NH3036,SP,0p25,NaN,2,175
NH3036,SP,0p5,NaN,1,106
NH3036,SP,0p5,NaN,2,176
NH3036,SP,0p75,NaN,1,170
NH3036,SP,0p75,NaN,2,118
NH3036,SP,1p0,NaN,1,119
NH3036,SP,1p0,NaN,2,118
NH3036,TM,NaN,flat,1,159
NH3036,TM,NaN,flat,2,167
NH3036,TM,NaN,high,1,115
NH3036,TM,NaN,med,1,118
NH3036,TM,NaN,med,2,108
NH3036_FU,SP,0p25,NaN,1,164
NH3036_FU,SP,0p25,NaN,2,151
NH3036_FU,SP,0p5,NaN,1,114
NH3036_FU,SP,0p5,NaN,2,166
NH3036_FU,SP,0p75,NaN,1,55
NH3036_FU,SP,0p75,NaN,2,110
NH3036_FU,SP,1p0,NaN,1,109
NH3036_FU,SP,1p0,NaN,2,111
NH3036_FU,TM,NaN,flat,1,155
NH3036_FU,TM,NaN,flat,2,158
NH3036_FU,TM,NaN,high,1,123
NH3036_FU,TM,NaN,high,2,118
NH3036_FU,TM,NaN,low,1,146
NH3036_FU,TM,NaN,low,2,140
NH3036_FU,TM,NaN,med,1,120
NH3036_FU,TM,NaN,med,2,128
NH3040,SP,0p25,NaN,1,143
NH3040,SP,0p25,NaN,2,180
NH3040,SP,0p5,NaN,1,201
NH3040,SP,0p5,NaN,2,148
NH3040,SP,0p75,NaN,1,88
NH3040,SP,0p75,NaN,2,86
NH3040,SP,1p0,NaN,1,42
NH3040,TM,NaN,flat,1,212
NH3040,TM,NaN,flat,2,203
NH3040,TM,NaN,high,1,47
NH3040,TM,NaN,high,2,111
NH3040,TM,NaN,low,1,148
NH3040,TM,NaN,low,2,146
NH3040,TM,NaN,med,1,162
NH3040,TM,NaN,med,2,162
NH3041,SP,0p25,NaN,1,118
NH3041,SP,0p25,NaN,2,142
NH3041,SP,0p5,NaN,1,155
NH3041,SP,0p5,NaN,2,155
NH3041,SP,0p75,NaN,1,172
NH3041,SP,0p75,NaN,2,173
NH3041,SP,1p0,NaN,1,185
NH3041,SP,1p0,NaN,2,187
NH3041,TM,NaN,flat,1,141
NH3041,TM,NaN,flat,2,133
NH3041,TM,NaN,high,1,89
NH3041,TM,NaN,high,2,53
NH3041,TM,NaN,low,1,136
NH3041,TM,NaN,low,2,130
NH3041,TM,NaN,med,1,113
NH3041,TM,NaN,med,2,112
NH3041_FU,SP,0p25,NaN,1,166
NH3041_FU,SP,0p25,NaN,2,190
NH3041_FU,SP,0p5,NaN,1,164
NH3041_FU,SP,0p5,NaN,2,110
NH3041_FU,SP,0p75,NaN,1,180
NH3041_FU,SP,0p75,NaN,2,130
NH3041_FU,SP,1p0,NaN,1,101
NH3041_FU,SP,1p0,NaN,2,98
NH3041_FU,TM,NaN,flat,1,153
NH3041_FU,TM,NaN,flat,2,164
NH3041_FU,TM,NaN,high,1,65
NH3041_FU,TM,NaN,high,2,70
NH3041_FU,TM,NaN,low,1,156
NH3041_FU,TM,NaN,low,2,155
NH3041_FU,TM,NaN,med,1,103
NH3041_FU,TM,NaN,med,2,122
NH3043,SP,0p25,NaN,1,87
NH3043,SP,0p25,NaN,2,83
NH3043,SP,0p5,NaN,1,106
NH3043,SP,0p5,NaN,2,107
NH3043,SP,0p75,NaN,1,131
NH3043,SP,0p75,NaN,2,128
NH3043,SP,1p0,NaN,1,152
NH3043,SP,1p0,NaN,2,152
NH3043,TM,NaN,flat,1,125
NH3043,TM,NaN,flat,2,123
NH3043,TM,NaN,high,1,140
NH3043,TM,NaN,high,2,136
NH3043,TM,NaN,low,1,121
NH3043,TM,NaN,low,2,121
NH3043,TM,NaN,med,1,140
NH3043,TM,NaN,med,2,139
NH3051,SP,0p25,NaN,1,136
NH3051,SP,0p25,NaN,2,123
NH3051,SP,0p5,NaN,1,133
NH3051,SP,0p5,NaN,2,111
NH3051,TM,NaN,flat,1,36
NH3051,TM,NaN,flat,2,40
NH3051,TM,NaN,high,1,12
NH3051,TM,NaN,high,2,16
NH3051,TM,NaN,low,1,19
NH3051,TM,NaN,low,2,21
NH3051,TM,NaN,med,1,20
NH3051,TM,NaN,med,2,27
NH3054,SP,0p25,NaN,1,71
NH3054,SP,0p25,NaN,2,74
NH3054,SP,0p5,NaN,1,108
NH3054,SP,0p5,NaN,2,108
NH3054,SP,0p75,NaN,1,134
NH3054,SP,0p75,NaN,2,134
NH3054,SP,1p0,NaN,1,158
NH3054,SP,1p0,NaN,2,156
NH3054,TM,NaN,flat,1,121
NH3054,TM,NaN,flat,2,94
NH3054,TM,NaN,high,1,111
NH3054,TM,NaN,high,2,96
NH3054,TM,NaN,low,1,89
NH3054,TM,NaN,low,2,93
NH3054,TM,NaN,med,1,95
NH3054,TM,NaN,med,2,98
NH3054_FU,SP,0p25,NaN,1,70
NH3054_FU,SP,0p25,NaN,2,68
NH3054_FU,SP,0p5,NaN,1,114
NH3054_FU,SP,0p5,NaN,2,114
NH3054_FU,SP,0p75,NaN,1,139
NH3054_FU,SP,0p75,NaN,2,134
NH3054_FU,SP,1p0,NaN,1,159
NH3054_FU,SP,1p0,NaN,2,162
NH3054_FU,TM,NaN,flat,1,107
NH3054_FU,TM,NaN,flat,2,104
NH3054_FU,TM,NaN,high,1,116
NH3054_FU,TM,NaN,high,2,115
NH3054_FU,TM,NaN,low,1,98
NH3054_FU,TM,NaN,low,2,97
NH3054_FU,TM,NaN,med,1,98
NH3054_FU,TM,NaN,med,2,97
NH3055,SP,0p25,NaN,1,108
NH3055,SP,0p25,NaN,2,105
NH3055,SP,0p5,NaN,1,130
NH3055,SP,0p5,NaN,2,130
NH3055,SP,0p75,NaN,1,149
NH3055,SP,0p75,NaN,2,148
NH3055,SP,1p0,NaN,1,161
NH3055,SP,1p0,NaN,2,158
NH3055,TM,NaN,flat,1,126
NH3055,TM,NaN,flat,2,117
NH3055,TM,NaN,high,1,126
NH3055,TM,NaN,high,2,120
NH3055,TM,NaN,low,1,135
NH3055,TM,NaN,low,2,125
NH3055,TM,NaN,med,1,125
NH3055,TM,NaN,med,2,131
NH3055_FU,SP,0p25,NaN,1,95
NH3055_FU,SP,0p25,NaN,2,97
NH3055_FU,SP,0p5,NaN,1,127
NH3055_FU,SP,0p5,NaN,2,133
NH3055_FU,SP,0p75,NaN,1,151
NH3055_FU,SP,0p75,NaN,2,118
NH3055_FU,SP,1p0,NaN,1,162
NH3055_FU,SP,1p0,NaN,2,164
NH3055_FU,TM,NaN,flat,1,129
NH3055_FU,TM,NaN,flat,2,127
NH3055_FU,TM,NaN,high,1,128
NH3055_FU,TM,NaN,high,2,126
NH3055_FU,TM,NaN,low,1,119
NH3055_FU,TM,NaN,low,2,124
NH3055_FU,TM,NaN,med,1,123
NH3055_FU,TM,NaN,med,2,125
NH3056,SP,0p25,NaN,1,98
NH3056,SP,0p25,NaN,2,99
NH3056,SP,0p5,NaN,1,137
NH3056,SP,0p5,NaN,2,133
NH3056,SP,0p75,NaN,1,53
NH3056,SP,0p75,NaN,2,49
NH3056,TM,NaN,flat,1,81
NH3056,TM,NaN,flat,2,80
NH3056,TM,NaN,high,1,10
NH3056,TM,NaN,high,2,8
NH3056,TM,NaN,low,1,15
NH3056,TM,NaN,low,2,17
NH3056,TM,NaN,med,1,16
NH3056,TM,NaN,med,2,15
NH3056_FU,TM,NaN,flat,1,26
NH3056_FU,TM,NaN,flat,2,26
NH3056_FU,TM,NaN,low,1,18
NH3056_FU,TM,NaN,low,2,20
NH3056_FU,TM,NaN,med,1,17
NH3056_FU,TM,NaN,med,2,11
NH3058,SP,0p25,NaN,1,80
NH3058,SP,0p25,NaN,2,82
NH3058,SP,0p5,NaN,1,110
NH3058,SP,0p5,NaN,2,110
NH3058,SP,0p75,NaN,1,131
NH3058,SP,0p75,NaN,2,129
NH3058,SP,1p0,NaN,1,140
NH3058,SP,1p0,NaN,2,129
NH3058,TM,NaN,flat,1,94
NH3058,TM,NaN,flat,2,83
NH3058,TM,NaN,high,1,101
NH3058,TM,NaN,high,2,105
NH3058,TM,NaN,low,1,91
NH3058,TM,NaN,low,2,92
NH3058,TM,NaN,med,1,92
NH3058,TM,NaN,med,2,92
NH3058_FU,SP,0p25,NaN,1,86
NH3058_FU,SP,0p25,NaN,2,91
NH3058_FU,SP,0p5,NaN,1,115
NH3058_FU,SP,0p5,NaN,2,117
NH3058_FU,SP,0p75,NaN,1,130
NH3058_FU,SP,0p75,NaN,2,130
NH3058_FU,SP,1p0,NaN,1,111
NH3058_FU,SP,1p0,NaN,2,145
NH3058_FU,TM,NaN,flat,1,89
NH3058_FU,TM,NaN,flat,2,88
NH3058_FU,TM,NaN,high,1,115
NH3058_FU,TM,NaN,high,2,110
NH3058_FU,TM,NaN,low,1,92
NH3058_FU,TM,NaN,low,2,91
NH3058_FU,TM,NaN,med,1,86
NH3058_FU,TM,NaN,med,2,85
NH3059,SP,0p25,NaN,1,76
NH3059,SP,0p25,NaN,2,74
NH3059,SP,0p5,NaN,1,118
NH3059,SP,0p5,NaN,2,111
NH3059,SP,0p75,NaN,1,136
NH3059,SP,0p75,NaN,2,135
NH3059,SP,1p0,NaN,1,150
NH3059,SP,1p0,NaN,2,149
NH3059,TM,NaN,flat,1,101
NH3059,TM,NaN,flat,2,92
NH3059,TM,NaN,high,1,103
NH3059,TM,NaN,high,2,97
NH3059,TM,NaN,low,1,101
NH3059,TM,NaN,low,2,97
NH3059,TM,NaN,med,1,91
NH3059,TM,NaN,med,2,86
NH3066,SP,0p25,NaN,1,73
NH3066,SP,0p25,NaN,2,78
NH3066,SP,0p5,NaN,1,105
NH3066,SP,0p5,NaN,2,111
NH3066,SP,0p75,NaN,1,135
NH3066,SP,0p75,NaN,2,132
NH3066,SP,1p0,NaN,1,115
NH3066,SP,1p0,NaN,2,110
NH3066,TM,NaN,flat,1,74
NH3066,TM,NaN,flat,2,72
NH3066,TM,NaN,high,1,89
NH3066,TM,NaN,high,2,85
NH3066,TM,NaN,low,1,73
NH3066,TM,NaN,low,2,76
NH3066,TM,NaN,med,1,93
NH3066,TM,NaN,med,2,83
NH3068,SP,0p25,NaN,1,135
NH3068,SP,0p25,NaN,2,129
NH3068,SP,0p5,NaN,1,147
NH3068,SP,0p5,NaN,2,143
NH3068,SP,0p75,NaN,1,160
NH3068,SP,0p75,NaN,2,156
NH3068,SP,1p0,NaN,1,127
NH3068,SP,1p0,NaN,2,137
NH3068,TM,NaN,flat,1,135
NH3068,TM,NaN,flat,2,129
NH3068,TM,NaN,high,1,127
NH3068,TM,NaN,high,2,123
NH3068,TM,NaN,low,1,133
NH3068,TM,NaN,low,2,125
NH3068,TM,NaN,med,1,124
NH3068,TM,NaN,med,2,119
NH3068_FU,SP,0p25,NaN,1,79
NH3068_FU,SP,0p25,NaN,2,74
NH3068_FU,SP,0p5,NaN,1,126
NH3068_FU,SP,0p5,NaN,2,133
NH3068_FU,SP,0p75,NaN,1,162
NH3068_FU,SP,0p75,NaN,2,156
NH3068_FU,SP,1p0,NaN,1,115
NH3068_FU,SP,1p0,NaN,2,113
NH3068_FU,TM,NaN,flat,1,139
NH3068_FU,TM,NaN,flat,2,117
NH3068_FU,TM,NaN,high,1,99
NH3068_FU,TM,NaN,high,2,97
NH3068_FU,TM,NaN,low,1,110
NH3068_FU,TM,NaN,low,2,94
NH3068_FU,TM,NaN,med,1,124
NH3068_FU,TM,NaN,med,2,116
NH3069,SP,0p25,NaN,1,92
NH3069,SP,0p25,NaN,2,89
NH3069,SP,0p5,NaN,1,113
NH3069,SP,0p5,NaN,2,120
NH3069,SP,0p75,NaN,1,134
NH3069,SP,0p75,NaN,2,132
NH3069,SP,1p0,NaN,1,154
NH3069,SP,1p0,NaN,2,149
NH3069,TM,NaN,flat,1,117
NH3069,TM,NaN,flat,2,117
NH3069,TM,NaN,high,1,114
NH3069,TM,NaN,high,2,113
NH3069,TM,NaN,low,1,116
NH3069,TM,NaN,low,2,114
NH3069,TM,NaN,med,1,122
NH3069,TM,NaN,med,2,117
NH3070,SP,0p25,NaN,1,74
NH3070,SP,0p25,NaN,2,79
NH3070,SP,0p5,NaN,1,93
NH3070,SP,0p5,NaN,2,97
NH3070,SP,0p75,NaN,1,152
NH3070,SP,0p75,NaN,2,102
NH3070,SP,1p0,NaN,1,112
NH3070,SP,1p0,NaN,2,111
NH3070,TM,NaN,flat,1,133
NH3070,TM,NaN,flat,2,122
NH3070,TM,NaN,high,1,148
NH3070,TM,NaN,high,2,153
NH3070,TM,NaN,low,1,165
NH3070,TM,NaN,low,2,150
NH3070,TM,NaN,med,1,155
NH3070,TM,NaN,med,2,165
NH3071,SP,0p25,NaN,1,186
NH3071,SP,0p25,NaN,2,170
NH3071,TM,NaN,flat,1,148
NH3071,TM,NaN,flat,2,158
NH3071,TM,NaN,high,1,100
NH3071,TM,NaN,high,2,123
NH3071,TM,NaN,low,1,149
NH3071,TM,NaN,low,2,171
NH3071,TM,NaN,med,1,109
NH3071,TM,NaN,med,2,109
NH3074,SP,0p25,NaN,1,73
NH3074,SP,0p25,NaN,2,74
NH3074,SP,0p5,NaN,1,98
NH3074,SP,0p5,NaN,2,97
NH3074,SP,0p75,NaN,1,130
NH3074,SP,0p75,NaN,2,126
NH3074,SP,1p0,NaN,1,149
NH3074,SP,1p0,NaN,2,148
NH3074,TM,NaN,flat,1,73
NH3074,TM,NaN,flat,2,73
NH3074,TM,NaN,high,1,111
NH3074,TM,NaN,high,2,122
NH3074,TM,NaN,low,1,123
NH3074,TM,NaN,low,2,123
NH3074,TM,NaN,med,1,124
NH3074,TM,NaN,med,2,124
NH3076,SP,0p25,NaN,1,85
NH3076,SP,0p5,NaN,1,74
NH3076,SP,0p75,NaN,1,90
NH3076,SP,1p0,NaN,1,106
NH3076,TM,NaN,flat,1,85
NH3076,TM,NaN,flat,2,77
NH3076,TM,NaN,high,1,99
NH3076,TM,NaN,high,2,98
NH3076,TM,NaN,low,1,89
NH3076,TM,NaN,low,2,86
NH3076,TM,NaN,med,1,96
NH3076,TM,NaN,med,2,87
NH3082,SP,0p25,NaN,1,101
NH3082,SP,0p5,NaN,1,39
NH3082,TM,NaN,flat,1,81
NH3082,TM,NaN,flat,2,84
NH3082,TM,NaN,high,1,36
NH3082,TM,NaN,high,2,39
NH3082,TM,NaN,low,1,68
NH3082,TM,NaN,low,2,54
NH3082,TM,NaN,med,1,45
NH3082,TM,NaN,med,2,57
NH3086,SP,0p25,NaN,1,69
NH3086,SP,0p25,NaN,2,70
NH3086,SP,0p5,NaN,1,107
NH3086,SP,0p5,NaN,2,96
NH3086,SP,0p75,NaN,1,146
NH3086,SP,0p75,NaN,2,143
NH3086,SP,1p0,NaN,1,168
NH3086,SP,1p0,NaN,2,165
NH3086,TM,NaN,flat,1,166
NH3086,TM,NaN,flat,2,116
NH3086,TM,NaN,high,1,167
NH3086,TM,NaN,high,2,163
NH3086,TM,NaN,low,1,138
NH3086,TM,NaN,low,2,144
NH3086,TM,NaN,med,1,163
NH3086,TM,NaN,med,2,166
NH3090,SP,0p25,NaN,1,91
NH3090,SP,0p25,NaN,2,93
NH3090,SP,0p5,NaN,1,144
NH3090,SP,0p5,NaN,2,134
NH3090,SP,0p75,NaN,1,149
NH3090,SP,0p75,NaN,2,154
NH3090,SP,1p0,NaN,1,165
NH3090,SP,1p0,NaN,2,162
NH3090,TM,NaN,flat,1,139
NH3090,TM,NaN,flat,2,113
NH3090,TM,NaN,high,1,131
NH3090,TM,NaN,high,2,151
NH3090,TM,NaN,low,1,105
NH3090,TM,NaN,low,2,127
NH3090,TM,NaN,med,1,115
NH3090,TM,NaN,med,2,120
NH3102,SP,0p25,NaN,1,111
NH3102,SP,0p25,NaN,2,113
NH3102,SP,0p5,NaN,1,149
NH3102,SP,0p5,NaN,2,148
NH3102,SP,0p75,NaN,1,156
NH3102,SP,0p75,NaN,2,165
NH3102,SP,1p0,NaN,1,60
NH3102,SP,1p0,NaN,2,61
NH3102,TM,NaN,flat,1,129
NH3102,TM,NaN,flat,2,127
NH3102,TM,NaN,high,1,133
NH3102,TM,NaN,high,2,123
NH3102,TM,NaN,low,1,151
NH3102,TM,NaN,low,2,147
NH3102,TM,NaN,med,1,143
NH3102,TM,NaN,med,2,139
NH3104,SP,0p25,NaN,1,105
NH3104,SP,0p25,NaN,2,108
NH3104,SP,0p5,NaN,1,119
NH3104,SP,0p5,NaN,2,120
NH3104,SP,0p75,NaN,1,140
NH3104,SP,0p75,NaN,2,138
NH3104,SP,1p0,NaN,1,162
NH3104,SP,1p0,NaN,2,156
NH3104,TM,NaN,flat,1,105
NH3104,TM,NaN,flat,2,108
NH3104,TM,NaN,high,1,107
NH3104,TM,NaN,high,2,112
NH3104,TM,NaN,low,1,111
NH3104,TM,NaN,low,2,108
NH3104,TM,NaN,med,1,113
NH3104,TM,NaN,med,2,112
NH3105,SP,0p25,NaN,1,89
NH3105,SP,0p25,NaN,2,90
NH3105,SP,0p5,NaN,1,113
NH3105,SP,0p5,NaN,2,112
NH3105,SP,0p75,NaN,1,131
NH3105,SP,0p75,NaN,2,126
NH3105,SP,1p0,NaN,1,146
NH3105,SP,1p0,NaN,2,97
NH3105,TM,NaN,flat,1,108
NH3105,TM,NaN,flat,2,103
NH3105,TM,NaN,high,1,123
NH3105,TM,NaN,high,2,112
NH3105,TM,NaN,low,1,106
NH3105,TM,NaN,low,2,113
NH3105,TM,NaN,med,1,112
NH3105,TM,NaN,med,2,111
NH3105_FU,SP,0p25,NaN,1,96
NH3105_FU,SP,0p25,NaN,2,95
NH3105_FU,SP,0p5,NaN,1,121
NH3105_FU,SP,0p5,NaN,2,122
NH3105_FU,SP,0p75,NaN,1,137
NH3105_FU,SP,0p75,NaN,2,135
NH3105_FU,SP,1p0,NaN,1,102
NH3105_FU,SP,1p0,NaN,2,101
NH3105_FU,TM,NaN,flat,1,101
NH3105_FU,TM,NaN,flat,2,100
NH3105_FU,TM,NaN,high,1,109
NH3105_FU,TM,NaN,high,2,108
NH3105_FU,TM,NaN,low,1,112
NH3105_FU,TM,NaN,low,2,108
NH3105_FU,TM,NaN,med,1,108
NH3105_FU,TM,NaN,med,2,107
NH3106,SP,0p25,NaN,1,100
NH3106,SP,0p25,NaN,2,105
NH3106,SP,0p5,NaN,1,129
NH3106,SP,0p5,NaN,2,129
NH3106,SP,0p75,NaN,1,144
NH3106,SP,0p75,NaN,2,142
NH3106,SP,1p0,NaN,1,151
NH3106,SP,1p0,NaN,2,145
NH3106,TM,NaN,flat,1,99
NH3106,TM,NaN,flat,2,100
NH3106,TM,NaN,high,1,112
NH3106,TM,NaN,high,2,102
NH3106,TM,NaN,low,1,116
NH3106,TM,NaN,low,2,109
NH3106,TM,NaN,med,1,96
NH3106,TM,NaN,med,2,98
NH3108,SP,0p25,NaN,1,79
NH3108,SP,0p25,NaN,2,79
NH3108,SP,0p5,NaN,1,120
NH3108,SP,0p5,NaN,2,118
NH3108,SP,0p75,NaN,1,148
NH3108,SP,0p75,NaN,2,146
NH3108,SP,1p0,NaN,1,110
NH3108,SP,1p0,NaN,2,128
NH3108,TM,NaN,flat,1,132
NH3108,TM,NaN,flat,2,116
NH3108,TM,NaN,high,1,122
NH3108,TM,NaN,high,2,119
NH3108,TM,NaN,low,1,129
NH3108,TM,NaN,low,2,130
NH3108,TM,NaN,med,1,100
NH3108,TM,NaN,med,2,86
NH3110,SP,0p25,NaN,1,146
NH3110,SP,0p25,NaN,2,157
NH3110,SP,0p5,NaN,1,189
NH3110,SP,0p5,NaN,2,182
NH3110,SP,0p75,NaN,1,133
NH3110,SP,0p75,NaN,2,130
NH3110,SP,1p0,NaN,1,73
NH3110,SP,1p0,NaN,2,70
NH3110,TM,NaN,flat,1,161
NH3110,TM,NaN,flat,2,153
NH3110,TM,NaN,high,1,148
NH3110,TM,NaN,high,2,143
NH3110,TM,NaN,low,1,158
NH3110,TM,NaN,low,2,156
NH3110,TM,NaN,med,1,152
NH3110,TM,NaN,med,2,166
NH3112,SP,0p25,NaN,1,73
NH3112,SP,0p25,NaN,2,86
NH3112,SP,0p5,NaN,1,118
NH3112,SP,0p5,NaN,2,121
NH3112,SP,0p75,NaN,1,117
NH3112,SP,0p75,NaN,2,134
NH3112,SP,1p0,NaN,1,157
NH3112,SP,1p0,NaN,2,156
NH3112,TM,NaN,flat,1,97
NH3112,TM,NaN,flat,2,92
NH3112,TM,NaN,high,1,118
NH3112,TM,NaN,high,2,114
NH3112,TM,NaN,low,1,61
NH3112,TM,NaN,low,2,131
NH3112,TM,NaN,med,1,96
NH3112,TM,NaN,med,2,88
NH3113,SP,0p25,NaN,1,88
NH3113,SP,0p25,NaN,2,90
NH3113,SP,0p5,NaN,1,116
NH3113,SP,0p5,NaN,2,112
NH3113,SP,0p75,NaN,1,137
NH3113,SP,0p75,NaN,2,136
NH3113,SP,1p0,NaN,1,156
NH3113,SP,1p0,NaN,2,158
NH3113,TM,NaN,flat,1,88
NH3113,TM,NaN,flat,2,90
NH3113,TM,NaN,high,1,93
NH3113,TM,NaN,high,2,98
NH3113,TM,NaN,low,1,105
NH3113,TM,NaN,low,2,100
NH3113,TM,NaN,med,1,95
NH3113,TM,NaN,med,2,95
NH3114,SP,0p25,NaN,1,100
NH3114,SP,0p25,NaN,2,100
NH3114,SP,0p5,NaN,1,119
NH3114,SP,0p5,NaN,2,119
NH3114,SP,0p75,NaN,1,145
NH3114,SP,0p75,NaN,2,94
NH3114,SP,1p0,NaN,1,102
NH3114,TM,NaN,flat,1,93
NH3114,TM,NaN,flat,2,95
NH3114,TM,NaN,high,1,111
NH3114,TM,NaN,high,2,113
NH3114,TM,NaN,low,1,108
NH3114,TM,NaN,low,2,108
NH3114,TM,NaN,med,1,117
NH3114,TM,NaN,med,2,113
NH3114_FU,SP,0p5,NaN,1,124
NH3114_FU,SP,0p5,NaN,2,121
NH3114_FU,TM,NaN,flat,1,93
NH3114_FU,TM,NaN,flat,2,86
NH3114_FU,TM,NaN,high,1,108
NH3114_FU,TM,NaN,high,2,108
NH3114_FU,TM,NaN,low,1,118
NH3114_FU,TM,NaN,low,2,114
NH3114_FU,TM,NaN,med,1,99
NH3114_FU,TM,NaN,med,2,92
NH3123,SP,0p25,NaN,1,101
NH3123,SP,0p25,NaN,2,101
NH3123,SP,0p5,NaN,1,139
NH3123,SP,0p5,NaN,2,135
NH3123,TM,NaN,flat,1,99
NH3123,TM,NaN,flat,2,94
NH3123,TM,NaN,high,1,120
NH3123,TM,NaN,high,2,115
NH3123,TM,NaN,low,1,113
NH3123,TM,NaN,low,2,117
NH3123,TM,NaN,med,1,107
NH3123,TM,NaN,med,2,115
NH3128,SP,0p25,NaN,1,164
NH3128,SP,0p25,NaN,2,164
NH3128,SP,0p5,NaN,1,216
NH3128,SP,0p5,NaN,2,217
NH3128,SP,0p75,NaN,1,165
NH3128,SP,0p75,NaN,2,145
NH3128,SP,1p0,NaN,1,164
NH3128,SP,1p0,NaN,2,164
NH3128,TM,NaN,flat,1,225
NH3128,TM,NaN,flat,2,229
NH3128,TM,NaN,high,1,191
NH3128,TM,NaN,high,2,187
NH3128,TM,NaN,low,1,214
NH3128,TM,NaN,low,2,198
NH3128,TM,NaN,med,1,157
NH3128,TM,NaN,med,2,171
NH3129,SP,0p25,NaN,1,131
NH3129,SP,0p25,NaN,2,137
NH3129,SP,0p5,NaN,1,159
NH3129,SP,0p5,NaN,2,155
NH3129,SP,0p75,NaN,1,166
NH3129,SP,0p75,NaN,2,158
NH3129,SP,1p0,NaN,1,157
NH3129,SP,1p0,NaN,2,168
NH3129,TM,NaN,flat,1,154
NH3129,TM,NaN,flat,2,142
NH3129,TM,NaN,high,1,149
NH3129,TM,NaN,high,2,152
NH3129,TM,NaN,low,1,141
NH3129,TM,NaN,low,2,144
NH3129,TM,NaN,med,1,151
NH3129,TM,NaN,med,2,154
